titleId,originalTitle,releaseYear,mainCountry,firstLanguage,genres,imdbRating,numberOfVotes,arthouse_score
tt13213988,Kino un mes,2020.0,LV,lv,Comedy,7.4,54.0,6
tt0140679,La vie commence demain,1950.0,FR,fr,"Documentary, Drama",7.2,24.0,4
tt0116866,Level Five,1997.0,FR,fr,"Documentary, Romance, War",7.0,969.0,9
tt2145703,Ei koskaan yksin,2024.0,FI,sv,"Drama, History, War",8.4,21.0,5
tt0011179,Os Fidalgos da Casa Mourisca,1921.0,PT,zxx,Drama,8.0,7.0,3
tt6435164,My Love Affair with Marriage,2022.0,LU,en,"Animation, Comedy, Drama, Musical",7.1,571.0,7
tt5816088,Forever Pure,2016.0,GB,he,Documentary,7.4,847.0,7
tt0378174,Kalule,1979.0,DK,da,"Documentary, Biography, Sport",7.2,10.0,4
tt10023172,Passion simple,2020.0,FR,fr,"Drama, Romance",5.4,1244.0,7
tt0360345,Ako te ima,1983.0,BG,bg,Drama,7.4,29.0,4
tt10080052,Historia Lizy,2019.0,UA,ru,Drama,7.2,37.0,6
tt6190908,Hugo på bas,2016.0,DK,da,"Documentary, Biography, Music",7.6,20.0,4
tt2528444,The Day That Never Happened,2006.0,NL,nl,"Drama, Thriller",9.4,8.0,3
tt8620154,Das Vorspiel,2019.0,DE,de,"Drama, Music",6.5,1374.0,7
tt0013178,Ein Glas Wasser,1923.0,DE,zxx,,7.0,6.0,4
tt1418375,En kongelig affære,2012.0,DK,da,"Biography, Drama, History, Romance",7.5,51545.0,8
tt0236799,Topos,1985.0,GR,el,"Drama, History",7.0,134.0,7
tt4082068,Dheepan,2015.0,FR,ta,"Crime, Drama",7.2,17245.0,10
tt12072192,Sri Lanka by Mini Magic Bus,2020.0,IT,it,Documentary,7.2,7.0,3
tt2812242,Verdi: I Due Foscari,2009.0,IT,it,Music,8.2,10.0,3
tt2360424,Checking In,2014.0,GB,en,"Comedy, Drama, Romance",8.4,22.0,6
tt1281377,Flores de luna,2008.0,ES,es,Documentary,8.2,32.0,6
tt0116402,Die Geschichte einer Vertreibung,1996.0,AT,de,"Drama, History",8.4,6.0,4
tt0018188,Das Mädchen mit den fünf Nullen,1927.0,DE,zxx,Comedy,7.3,20.0,3
tt1723811,Shame,2011.0,GB,en,Drama,7.2,209455.0,7
tt0241030,Das verliebte Hotel,1933.0,DE,de,,7.5,10.0,3
tt10207588,Floripes,2020.0,PT,pt,"Documentary, Biography",9.5,87.0,6
tt34000348,Abo Zaabal 89,2024.0,DE,ar,Documentary,8.5,9.0,4
tt3954882,Bîranînen li ser kevirî,2014.0,DE,ku,"Comedy, Drama, History, War",7.2,203.0,8
tt0297101,Elegiya dorogi,2001.0,FR,ru,"Drama, Fantasy",7.6,461.0,6
tt0029715,Unter Ausschluß der Öffentlichkeit,1937.0,DE,de,,8.2,10.0,3
tt7999832,¡Folk! Una mirada a la música tradicional de Castilla y León,2018.0,ES,es,"Documentary, Music",8.4,14.0,4
tt13674472,Capo di Famiglia III,2022.0,NL,nl,Drama,9.4,22.0,2
tt5375434,Sicilian Ghost Story,2017.0,IT,it,"Crime, Drama, Fantasy, Mystery, Romance",6.5,2435.0,7
tt3233464,Smanderoon: With a Vengeance,2013.0,FI,sv,"Action, Comedy, Thriller",7.3,27.0,3
tt3773700,Kullaketrajad,2013.0,EE,et,"Documentary, History",7.1,126.0,6
tt2632702,Molière,1978.0,FR,fr,"Biography, Drama, History",7.6,895.0,7
tt4250046,Xmas Meier,2013.0,FR,it,Documentary,8.2,12.0,2
tt16182676,Pico Reja,2021.0,ES,es,Documentary,8.4,17.0,6
tt2889518,Alone in the Zone,2011.0,PL,ru,Documentary,7.9,24.0,4
tt2372596,Urban Savages,2009.0,FI,fi,Action,8.1,10.0,2
tt0033896,Der Meineidbauer,1941.0,DE,de,Drama,7.2,17.0,2
tt5498616,La familia - Dementia,2016.0,ES,es,"Comedy, Drama",7.3,10.0,3
tt4015250,Night City,2015.0,DE,en,"Action, Crime, Drama, Romance, Thriller",7.7,23.0,3
tt1773769,The Street Project,2009.0,NL,nl,"Action, Drama",7.9,18.0,3
tt3052240,Planeta blanc,2013.0,ES,ca,"Documentary, Biography, History, Sport",7.4,8.0,3
tt0049862,Tormento d'amore,1956.0,IT,it,Drama,7.1,16.0,3
tt0366606,Im Anfang war der Blick,2003.0,AT,de,"Animation, Drama",7.8,56.0,7
tt11363216,A prescindere... Antonio de Curtis,2019.0,IT,it,Documentary,8.1,9.0,4
tt0411270,De battre mon coeur s'est arrêté,2005.0,FR,fr,"Crime, Drama, Music",7.2,20789.0,10
tt1052036,The Refugees of the Blue Planet,2006.0,FR,en,Documentary,7.4,42.0,6
tt3118566,Mille soleils,2013.0,FR,wo,Documentary,7.1,194.0,7
tt0936473,Escuelas,2004.0,ES,es,Documentary,7.8,16.0,3
tt0157840,J'y suis... j'y reste,1953.0,FR,fr,Comedy,7.0,13.0,4
tt1667130,The Green Wave,2010.0,DE,de,Documentary,7.4,370.0,8
tt1076993,Joel-Peter Witkin - L'image indélébile,1994.0,FR,fr,Documentary,8.0,25.0,4
tt5306088,Am Borsigplatz geboren - Franz Jacobi und die Wiege des BVB,2015.0,DE,de,Documentary,7.3,82.0,6
tt5244578,Dance Fight Love Die: With Mikis On the Road,2017.0,GR,el,Documentary,7.3,26.0,4
tt3228124,Zelená púst,2012.0,SK,cs,Documentary,7.8,19.0,3
tt0253722,Smartta mozhe da pochaka,1985.0,BG,bg,Drama,7.7,19.0,3
tt4160184,En drøm til havs,2014.0,NO,no,Documentary,7.0,8.0,3
tt13610246,Mothers and Others,2020.0,LV,lv,Documentary,7.6,15.0,4
tt4045448,Queen Antigone,2014.0,GR,el,Drama,7.6,18.0,6
tt8495628,The man behind the Portrait,2018.0,IT,es,"Documentary, History",7.6,22.0,4
tt3510662,Maarten Van Severen: Addicted to Every Possibilty,2014.0,NL,nl,"Documentary, Biography, Family",7.3,13.0,3
tt0234504,Pour mémoire,1978.0,FR,fr,Documentary,8.4,31.0,5
tt11617052,Undine,2020.0,DE,de,"Drama, Fantasy, Mystery, Romance, Thriller",6.6,9753.0,7
tt0299985,Histoires de vies brisées: les 'double peine' de Lyon,2001.0,FR,fr,Documentary,7.2,21.0,4
tt1525863,Lost Town,2009.0,DE,de,Documentary,8.3,10.0,4
tt1204906,Der Herrscher von Edessa,2008.0,DE,de,Drama,7.9,21.0,4
tt24082520,"And the King Said, What a Fantastic Machine",2023.0,SE,sv,Documentary,7.0,840.0,7
tt2308497,Sort kaffe & vinyl,2012.0,DK,da,Drama,7.3,30.0,5
tt2544624,The Hit Producer,2015.0,IE,en,"Action, Comedy, Crime, Thriller",7.4,57.0,6
tt1371712,Fairytale of Kathmandu,2007.0,IE,en,Documentary,7.3,75.0,6
tt4028266,No todo es vigilia,2014.0,ES,es,"Documentary, Drama",7.0,65.0,7
tt0289517,Sto ypsos tis haramadas,1992.0,GR,el,,7.8,7.0,3
tt3894762,Simply gay le film,2014.0,CH,fr,"Drama, Family",8.6,94.0,6
tt16112972,"Mormor, kriget & kärleken",2022.0,SE,sv,Documentary,9.2,18.0,3
tt1300591,One Man in the Band,2008.0,GB,en,"Documentary, Music",8.6,31.0,5
tt0053976,Jungfrukällan,1960.0,SE,sv,Drama,8.0,32296.0,9
tt0128255,Holozän,1992.0,CH,de,Drama,7.3,20.0,5
tt0757271,Mañana al mar,2006.0,DE,es,Documentary,7.4,20.0,4
tt1571737,Park '79,2009.0,LT,lt,Thriller,7.3,20.0,3
tt24854610,The Proof of the Pudding,2022.0,NL,nl,Documentary,7.1,20.0,7
tt5356524,Rota n' Roll,2017.0,ES,es,Documentary,7.8,8.0,3
tt0252599,Kiki,1932.0,FR,de,,8.3,8.0,3
tt3169706,Pride,2014.0,GB,en,"Biography, Comedy, Drama, History, Romance",7.8,62954.0,8
tt0021235,Mon gosse de père,1930.0,FR,fr,Drama,7.0,8.0,4
tt5592228,Northern Lights,2016.0,GB,en,"Drama, Romance",7.7,60.0,6
tt11220260,La Senda del Pastor,2021.0,ES,es,Documentary,7.3,7.0,4
tt0185147,Al patrulea stol,1979.0,RO,ro,Romance,7.2,43.0,6
tt0113519,Kalte Heimat,1995.0,DE,de,"Documentary, History",7.7,17.0,4
tt3975400,The Fifth Day,2013.0,PT,pt,"Action, Horror, Mystery",7.8,29.0,4
tt27502442,Qingchun,2023.0,FR,zh,Documentary,7.1,392.0,6
tt1647444,93: La belle rebelle,2010.0,FR,fr,Documentary,7.8,16.0,4
tt1567381,"Lucia Rijker: A Boxer, a Buddhist",2007.0,NL,nl,"Documentary, Biography, Sport",7.6,9.0,2
tt0085815,Kutya éji dala,1983.0,HU,hu,Drama,7.1,304.0,6
tt4437926,Banana Pancakes and the Children of Sticky Rice,2015.0,NL,lo,"Documentary, Adventure, Drama",7.1,135.0,9
tt2646540,Estudiar en primavera,2014.0,ES,es,"Documentary, Drama, Musical, News",8.8,28.0,5
tt2318022,Live to Be a Hundred,2012.0,NL,nl,Documentary,7.5,7.0,4
tt11968852,Et år for evigt,2020.0,DK,da,Documentary,8.2,19.0,3
tt4109046,Zeichnen gegen das Vergessen,2015.0,AT,de,"Documentary, Biography, History",7.6,8.0,5
tt4954522,Grave,2016.0,FR,fr,"Drama, Horror",6.9,92082.0,8
tt1999261,Tahrir,2011.0,FR,ar,"Documentary, News",7.4,92.0,8
tt7394678,Il clan dei ricciai,2018.0,IT,it,Documentary,8.8,6.0,4
tt3543048,How Not to Disappear Completely,2015.0,GB,en,"Drama, Romance",7.8,16.0,4
tt6823618,Memory Books - Damit du mich nie vergisst...,2008.0,DE,de,Documentary,7.3,19.0,3
tt1572002,En stemme for livet,2009.0,DK,da,"Documentary, Music",8.7,8.0,3
tt2076339,Solitær,2010.0,NO,,"Drama, Mystery, Romance",7.9,15.0,5
tt0076097,"Koko, le gorille qui parle",1978.0,FR,fr,Documentary,7.3,960.0,6
tt0028922,Gefährliches Spiel,1937.0,DE,de,,7.5,10.0,3
tt4452684,Solidarnosc wedlug kobiet,2014.0,PL,pl,Documentary,7.1,22.0,4
tt8253654,Hitlers svenska soldater,2018.0,SE,sv,Documentary,7.4,16.0,3
tt0111221,Smierc jak kromka chleba,1994.0,PL,pl,"Drama, History",7.0,261.0,6
tt17592824,Dug put u Evropu,2021.0,RS,sr,Documentary,9.7,10.0,2
tt1949173,FC Chechnya,2010.0,AT,de,Documentary,9.1,15.0,3
tt1714915,Only Lovers Left Alive,2013.0,GB,en,"Comedy, Drama, Fantasy, Horror, Romance",7.2,110463.0,7
tt0396828,Pusher II,2004.0,DK,da,"Action, Crime, Drama",7.3,25544.0,6
tt9370136,Il triciclo,2018.0,IT,it,Documentary,7.3,18.0,4
tt7389874,War for Peace,2020.0,UA,ru,"Documentary, Adventure, Drama, History, War",8.0,22.0,4
tt2788556,Gemma Bovery,2014.0,FR,fr,"Comedy, Drama, Romance",6.4,7011.0,7
tt4898802,L'esercito più piccolo del mondo,2015.0,VA,it,Documentary,7.2,30.0,5
tt3322820,Piratas y libélulas,2013.0,ES,es,,7.1,11.0,4
tt2693530,Ein Versprechen,2012.0,DE,de,"Documentary, Biography, Family",7.1,9.0,3
tt2363471,The Summit,2012.0,IE,en,Documentary,6.8,5518.0,6
tt1330039,Las Meninas,2008.0,UA,uk,Drama,7.0,109.0,7
tt0296809,Porto da Minha Infância,2001.0,PT,pt,"Biography, Drama",7.1,558.0,7
tt1939709,Markus Raetz,2007.0,CH,de,Documentary,7.6,7.0,4
tt4794114,De Bond tegen vloeken,2015.0,NL,nl,Documentary,7.0,19.0,3
tt13961618,To sosivio,2020.0,GR,el,Drama,7.8,43.0,7
tt7434162,The Legend of the Ugly King,2017.0,DE,en,"Documentary, Biography",7.7,206.0,7
tt10503496,Angkor redécouvert,2013.0,FR,fr,Documentary,7.2,14.0,3
tt0108489,Videogramme einer Revolution,1992.0,DE,de,"Documentary, History, War",8.0,693.0,7
tt19767374,JC,2022.0,NL,nl,Documentary,7.8,14.0,3
tt2771252,Pink Elephants,2018.0,DE,de,Documentary,7.2,20.0,4
tt1132453,Pappa is weg en ik wilde nog wat vragen,2007.0,NL,nl,Documentary,7.3,26.0,4
tt0286978,"Sobibór, 14 octobre 1943, 16 heures",2001.0,FR,he,"Documentary, History, War",7.4,620.0,10
tt0033831,Liebe ist zollfrei,1941.0,DE,de,Comedy,7.0,25.0,4
tt0324417,Vaudou,1973.0,FR,fr,Documentary,8.3,17.0,4
tt0464289,Une couleur café,1997.0,FR,fr,Comedy,7.6,13.0,4
tt0106509,El camino de las hormigas,1994.0,PL,es,Documentary,8.0,33.0,6
tt13558438,Fuck Haneke,2020.0,PT,en,"Documentary, Biography",8.5,9.0,2
tt9249068,Scala Adieu - Von Windeln verweht,2018.0,DE,de,Documentary,7.5,15.0,4
tt30286414,Kino Volta,2024.0,SI,it,Documentary,8.0,7.0,4
tt0289572,Tragoudia tis fotias,1975.0,GR,el,"Documentary, Music",7.5,122.0,6
tt19390092,Hrvatskog narodnog preporoda,2022.0,HR,hr,Documentary,7.3,9.0,4
tt21339326,Moldavia - retrato de una incertidumbre,2022.0,ES,ro,Documentary,7.4,12.0,5
tt19297226,Tunten zwecklos,2021.0,DE,de,"Documentary, Animation, Biography",7.7,8.0,6
tt0116753,Die kaukasische Nacht,1998.0,LT,ru,"Comedy, Drama",7.9,54.0,6
tt8884906,Monday,2020.0,GB,en,"Drama, Romance",5.7,5820.0,6
tt5664744,Courts mais GAY: Tome 12,2006.0,FR,fr,Drama,7.4,9.0,2
tt0054242,Risate di gioia,1960.0,IT,it,"Comedy, Drama",7.3,955.0,6
tt0031340,Eine Frau wie Du,1939.0,DE,de,,7.9,10.0,2
tt1622607,Esquivar y pegar,2010.0,ES,es,"Documentary, Drama, Sport",8.4,10.0,3
tt15692468,Raphaelismo,2022.0,ES,es,Documentary,8.2,15.0,2
tt0122575,Kristinus Bergman,1948.0,DK,da,"Crime, Drama",7.3,33.0,4
tt6597788,Portolago: Fantasmata sto Aigaio,2017.0,GR,el,"Documentary, History",8.6,13.0,4
tt2122384,Les vampires: L'homme des poisons,1916.0,FR,zxx,"Action, Crime, Mystery",7.1,252.0,7
tt19767896,La (très) grande évasion,2022.0,FR,fr,Documentary,7.6,84.0,8
tt1546653,Det røde kapel,2009.0,DK,da,"Documentary, Comedy",7.2,2201.0,10
tt1924394,The Angels' Share,2012.0,GB,en,"Comedy, Crime, Drama",7.0,27435.0,8
tt10006274,Feeling of revulsion,2018.0,BG,bg,Documentary,8.0,12.0,2
tt6840372,Autism: A Curious Case of the Human Mind,2017.0,GB,en,Documentary,7.7,31.0,5
tt15475926,Good Enough Parents,2021.0,DE,de,Documentary,7.1,22.0,4
tt0201195,Zaibo nusviesti,1996.0,LV,lv,"Comedy, Drama",7.7,17.0,5
tt0084037,La guerre d'un seul homme,1981.0,FR,fr,"Documentary, History",7.7,92.0,8
tt2262161,Sunset Song,2015.0,GB,sco,Drama,6.4,4115.0,9
tt0206048,Is That All There Is?,1992.0,GB,en,Comedy,7.0,152.0,7
tt0200451,Au pays du scalp,1932.0,FR,fr,Documentary,7.0,18.0,2
tt0324146,Tak for sidst,1950.0,DK,,Family,7.0,7.0,3
tt0397491,Justiça,2004.0,NL,pt,Documentary,7.3,299.0,8
tt0062773,Calcutta,1969.0,FR,fr,Documentary,7.1,800.0,9
tt1185595,"Nu te supara, dar...",2007.0,RO,ro,Documentary,7.3,90.0,7
tt6381052,Sleep Has Her House,2017.0,GB,zxx,"Drama, Horror, Mystery",7.0,793.0,6
tt0796231,Rotta per il Pilastro,1997.0,IT,it,"Crime, Drama",7.6,15.0,3
tt0436971,Why We Fight,2005.0,GB,en,"Documentary, History, War",8.0,10306.0,9
tt0195387,Françoise ou La vie conjugale,1964.0,FR,fr,Drama,7.1,203.0,7
tt34092261,Bob a Bobek ve filmu: Na stope Mrkvojeda,2024.0,CZ,cs,"Animation, Comedy, Family, Fantasy",9.2,10.0,1
tt10623178,Alida,2021.0,IT,it,Documentary,7.9,65.0,6
tt11394290,The Earth Is Blue as an Orange,2020.0,UA,ru,"Documentary, War",7.2,820.0,9
tt6541432,Dick Verdult: It Is True But Not Here,2017.0,NL,en,Documentary,8.4,21.0,5
tt2127315,Les patients,1990.0,FR,fr,Documentary,7.0,6.0,4
tt1040023,Movie,2007.0,CZ,cs,Drama,7.8,73.0,6
tt5813202,Lunas de Nueva York,2015.0,ES,es,Documentary,7.6,7.0,2
tt7653254,Marriage Story,2019.0,GB,en,"Drama, Romance",7.9,355529.0,7
tt0190103,"Un spécialiste, portrait d'un criminel moderne",1999.0,FR,he,Documentary,7.3,386.0,6
tt2304929,Tan antiguo como el mundo,2012.0,ES,es,,8.9,11.0,4
tt6823032,Subs Heroes,2018.0,IT,it,"Documentary, Biography",7.3,10.0,4
tt0056690,Bialy niedzwiedz,1959.0,PL,pl,Drama,7.1,31.0,4
tt7321274,Kingdom of Us,2017.0,GB,en,"Documentary, Drama",7.0,982.0,8
tt0085298,Carmen,1983.0,SE,sv,"Drama, Music",7.6,15.0,4
tt0189915,Petronella - Das Geheimnis der Berge,1927.0,DE,zxx,Drama,7.3,17.0,3
tt0101533,Cage/Cunningham,1991.0,FR,en,Documentary,7.6,16.0,4
tt0482247,Del roig al blau,2005.0,ES,ca,Documentary,7.9,17.0,3
tt0032094,Verdacht auf Ursula,1939.0,DE,de,Drama,7.4,9.0,3
tt29572786,Smaragda: I Got Thick Skin and I Can't Jump,2024.0,CY,el,Drama,8.7,23.0,8
tt11881090,My Heart Was Killed by Madness Witch with Big Ass,2019.0,SM,zxx,Drama,8.9,26.0,6
tt6965822,Mi ez a cirkusz?,2017.0,HU,hu,Documentary,8.6,21.0,3
tt4832918,De Nacht,2018.0,NL,nl,War,8.1,10.0,4
tt0046844,O Cerro dos Enforcados,1954.0,PT,pt,Drama,7.1,30.0,5
tt0092200,Werther,1986.0,ES,es,Drama,7.4,110.0,6
tt12006864,Buying the Band,2018.0,NL,nl,Documentary,8.1,20.0,4
tt5137502,A Man Can Make a Difference,2015.0,DE,en,Documentary,9.0,20.0,6
tt13475764,Vera & Giuliano,2020.0,IT,it,"Documentary, Comedy, Romance",7.9,11.0,4
tt2010971,Der Pakt mit dem Panda - Was uns der WWF verschweigt,2011.0,DE,de,Documentary,7.2,17.0,4
tt2752200,Jeune et jolie,2013.0,FR,fr,"Drama, Romance",6.7,39027.0,10
tt2264450,Rovelló: Un Nadal sense Noel,2009.0,ES,,,7.4,13.0,3
tt7083122,The Remnants,2019.0,IT,lo,"Documentary, War",7.8,11.0,3
tt0160178,Dein Leben gehört mir,1939.0,DE,de,Crime,7.4,11.0,2
tt0112637,Carrington,1995.0,GB,en,"Biography, Drama, Romance",6.8,5842.0,8
tt2776320,Aida,2012.0,DE,it,Drama,7.5,17.0,2
tt5425946,Landstück,2016.0,DE,de,Documentary,7.5,19.0,4
tt4205528,We can Be Gay Today: Baltic Pride 2013,2014.0,FR,en,Documentary,7.9,21.0,6
tt22365572,Lichtspieler - Wie Lavanchy-Clarke die Schweiz ins Kino holte,2022.0,CH,de,Documentary,7.8,5.0,4
tt4807524,Zadnji krog,2015.0,SI,sl,"Drama, Romance, Sport",7.3,9.0,3
tt5836860,Segantini - Ritorno alla natura,2016.0,IT,it,Documentary,7.8,14.0,4
tt0069801,De blinde fotograaf,1973.0,NL,nl,"Drama, Mystery",7.4,54.0,6
tt4136772,In Guerra,2014.0,IT,it,"Action, Comedy, Drama, Romance",7.1,28.0,4
tt1942902,Koan de Printemps,2013.0,FR,vi,Drama,7.5,25.0,5
tt14873088,Lieber Thomas,2021.0,DE,de,"Biography, Drama",7.0,517.0,6
tt7301978,Habbilni Ha Nirbah,2018.0,MT,mt,Drama,7.2,19.0,4
tt0401561,Krokus: As Long as We Live,2004.0,CH,de,"Documentary, Music",7.3,31.0,5
tt0029887,Die Frau am Scheidewege,1938.0,DE,de,"Drama, Romance",8.0,18.0,2
tt5260948,80000 Thoughts,2014.0,DK,da,"Drama, Music",7.9,14.0,7
tt0023519,Strafsache van Geldern,1932.0,DE,de,Thriller,7.9,13.0,2
tt5539424,Zona Franca,2016.0,FR,es,Documentary,7.1,17.0,4
tt3904756,Frère et soeur,2014.0,FR,fr,Documentary,7.1,12.0,2
tt0070460,La nuit américaine,1973.0,FR,fr,"Comedy, Drama, Romance",8.0,25285.0,9
tt27202100,Dezerteri,2022.0,HR,bs,Documentary,7.2,9.0,3
tt9658178,Talking About Trees,2019.0,FR,ar,Documentary,7.4,876.0,6
tt5913654,Når solen skinner,2016.0,DK,da,Drama,8.0,30.0,4
tt0203557,Hasenjagd,1994.0,AT,ru,"Drama, War",7.1,326.0,6
tt8577610,"Nous, Tikopia",2018.0,FR,,Documentary,8.2,10.0,4
tt2375605,The Act of Killing,2012.0,GB,id,"Documentary, Biography, Crime, History, War",8.2,41722.0,10
tt3344688,Ida,2013.0,PL,pl,Drama,7.4,61189.0,10
tt1320352,Nothing Personal,2009.0,NL,en,Drama,7.0,5444.0,9
tt2390255,Fahrt ans Ende der Nacht,2015.0,DE,de,Documentary,8.1,12.0,4
tt16588680,La flota de Indias,2021.0,ES,es,Documentary,7.4,19.0,3
tt0945540,Bs. As.,2006.0,ES,es,Documentary,8.4,6.0,6
tt0899285,O czym sie nie mówi...,1939.0,PL,pl,Romance,7.2,19.0,3
tt1928113,"Antigoné - avagy Erdélyben, filmet, együtt",2011.0,RO,hu,"Comedy, Drama",8.1,51.0,6
tt4533158,Jos jednom,2014.0,HR,hr,Documentary,7.7,20.0,6
tt19363622,Rigoletto,2022.0,GB,it,Musical,7.7,8.0,2
tt0132198,Grüningers Fall,1997.0,CH,de,"Documentary, Biography, War",7.5,19.0,6
tt2914068,Au bord du monde,2013.0,FR,fr,"Documentary, News",7.7,124.0,7
tt0113137,Für mich soll's rote Rosen regnen,1995.0,DE,de,"Documentary, Biography, Drama",9.0,12.0,3
tt6571388,Barna Hedenhös i världsrymden,1961.0,SE,sv,"Animation, Sci-Fi",8.2,9.0,4
tt13711518,Tage Erlander - Makten och Sanningen,2020.0,SE,sv,Documentary,7.7,7.0,3
tt2350676,Bilderberg'$ Club,2012.0,ES,en,Documentary,7.3,31.0,5
tt1566185,Der weiße Rabe - Max Mannheimer,2009.0,DE,de,Documentary,8.3,9.0,4
tt1825205,Xero,2010.0,DE,,,7.4,12.0,3
tt0413296,Le sourire d'Alice,2000.0,FR,fr,Fantasy,7.2,12.0,4
tt7296616,La cifra negra,2018.0,ES,es,Documentary,7.4,48.0,8
tt0059456,Mitt hem är Copacabana,1965.0,SE,sv,"Adventure, Drama",7.1,241.0,6
tt0056248,Le monte-charge,1962.0,FR,fr,"Drama, Thriller",7.3,271.0,6
tt2369569,"Za to, ze zyjemy, czyli punk z Wrocka",2014.0,PL,pl,Documentary,7.5,6.0,3
tt1619811,Auf der Walz,2009.0,DE,de,Documentary,7.8,6.0,4
tt4132554,The Kids Aren't Alright,2016.0,IE,en,Drama,8.8,22.0,7
tt3552136,Zeus le chat,2014.0,FR,fr,Comedy,7.8,11.0,4
tt0078857,Bez znieczulenia,1978.0,PL,pl,Drama,7.3,751.0,7
tt23062450,Mighty Afrin: In the Time of Floods,2023.0,GR,bn,Documentary,8.3,61.0,6
tt1298840,En midsommarnattsmardröm,2022.0,SE,sv,Drama,8.0,23.0,4
tt5688954,Le Redoutable,2017.0,FR,fr,"Biography, Comedy, Drama, Romance",6.6,6090.0,9
tt1252642,Vidrasors,2007.0,HU,hu,Documentary,7.2,12.0,3
tt5730464,L'architecte textile,2017.0,DE,fr,"Documentary, Biography",8.5,17.0,4
tt2064914,Regression Post Panic Film,2012.0,ES,es,"Action, Thriller, War",7.5,10.0,3
tt0107125,The Hollow Men,1993.0,PL,pl,Drama,7.6,20.0,4
tt0180038,O Paradeisos anoigei me antikleidi,1987.0,GR,el,Drama,7.1,17.0,4
tt0327694,Esenno slantze,1982.0,BG,bg,Drama,7.1,24.0,4
tt0169843,Egyszerü történet,1976.0,HU,hu,Documentary,7.0,10.0,4
tt3142502,Karawane,2015.0,SE,sv,"Drama, Fantasy, Thriller",7.3,11.0,5
tt4355882,De Pleintjes,2014.0,BE,qbn,"Documentary, Sport",7.9,28.0,3
tt27663560,Supermarket,2023.0,ME,qbo,"Comedy, Drama",7.1,21.0,5
tt3530882,Free to Run,2016.0,CH,fr,"Documentary, History, Sport",7.2,413.0,6
tt0244478,"Danke, es geht mir gut",1948.0,DE,de,Comedy,7.0,17.0,3
tt4092584,Im Krieg - Der 1. Weltkrieg in 3D,2014.0,DE,de,Documentary,7.3,21.0,5
tt0032702,Die letzte Runde,1940.0,DE,de,"Drama, Sport",7.0,9.0,3
tt0173490,Zestrea,1972.0,RO,ro,Drama,7.3,31.0,4
tt10319078,Dive: Rituals in Water,2019.0,IS,is,Documentary,7.4,31.0,3
tt0039682,L'onorevole Angelina,1947.0,IT,it,"Comedy, Drama",7.1,572.0,6
tt26494143,Out,2024.0,NL,nl,Drama,7.4,83.0,6
tt0117811,"Szeressük egymást, gyerekek!",1996.0,HU,hu,"Comedy, Drama",7.2,31.0,5
tt5628302,Beast,2017.0,GB,en,"Crime, Drama, Mystery, Romance, Thriller",6.8,16494.0,6
tt0093590,A másik ember,1988.0,HU,hu,"Drama, History, War",7.6,25.0,5
tt15710322,Petites,2021.0,BE,fr,Documentary,7.6,20.0,4
tt1990217,El artista y la modelo,2012.0,ES,fr,Drama,6.6,1913.0,9
tt4159734,Time and Place,2014.0,GB,en,Drama,8.0,68.0,7
tt16227768,Lottery,2022.0,GB,en,"Crime, Drama, Romance",8.2,24.0,4
tt2862700,Ana y yo,2013.0,ES,es,"Documentary, Family",7.0,10.0,3
tt0258131,Das Schicksal einer schönen Frau,1931.0,AT,de,,7.7,8.0,3
tt2322182,Otello,1958.0,IT,it,Music,8.9,12.0,2
tt16059694,El día del estreno Off,2021.0,ES,es,Drama,7.4,8.0,4
tt5471204,Voyage en occident,2016.0,FR,fr,Documentary,7.9,17.0,3
tt3826264,Dans les pas de Marie Curie,2011.0,FR,fr,"Documentary, Biography",8.4,8.0,4
tt4613668,Die Geschichte einer Legende,2015.0,AT,de,Fantasy,8.4,13.0,3
tt0111607,Verhängnis,1994.0,DE,ru,Drama,7.0,114.0,7
tt0030496,Narren im Schnee,1938.0,DE,de,,7.4,32.0,5
tt0130055,Kalos ilthe to dollario,1967.0,GR,el,Comedy,7.2,771.0,6
tt12634824,Canto di Natale,2020.0,IT,it,"Comedy, Fantasy, Romance",7.1,14.0,4
tt0347233,Im Auto durch zwei Welten,1931.0,DE,de,Documentary,7.6,8.0,4
tt0118977,Diese Tage in Terezin,1997.0,DE,de,"Documentary, Biography",7.0,13.0,6
tt0119386,Irány Kalifornia!,1996.0,HU,hu,Drama,7.4,14.0,3
tt0069356,"Ten okrutny, nikczemny chlopak",1972.0,PL,pl,Drama,7.0,14.0,4
tt0158621,Flanell No. 5,1998.0,DE,de,,8.0,11.0,4
tt0102419,Max Ernst: Mein Vagabundieren - Meine Unruhe,1991.0,DE,de,"Documentary, Biography",7.9,57.0,7
tt3679894,Ma'a al-Fidda,2014.0,FR,ar,"Documentary, War",7.5,337.0,6
tt6923890,Royal Opera House Live Cinema Season 2015/16: La Traviata,2016.0,GB,it,"Drama, Music",8.9,14.0,2
tt6516466,Zivot v oblakoch,2016.0,SK,sk,Documentary,8.4,20.0,5
tt1394274,I zoi stous vrahous,2009.0,GR,el,Documentary,8.2,22.0,5
tt1505891,Les damnés de la mer,2008.0,BE,ar,Documentary,7.7,13.0,4
tt9687948,Exploring Hans Hass,2019.0,AT,de,"Documentary, Biography",8.2,6.0,4
tt4538916,Finding Your Feet,2017.0,GB,en,"Comedy, Drama, Family, Music, Romance",6.8,7419.0,5
tt0361670,Le grand voyage,2004.0,FR,ar,"Drama, Romance",7.2,2597.0,8
tt34321269,"Younost, une jeunesse russe",2024.0,FR,,Documentary,9.3,8.0,6
tt0116664,Izgubljeno blago,1996.0,HR,qbo,"Adventure, Thriller",7.3,28.0,5
tt5789544,Bratrícek Karel,2016.0,CZ,cs,Documentary,7.2,30.0,7
tt0261118,Numéro zéro,1971.0,FR,fr,Documentary,7.1,122.0,10
tt3816964,Odborný dohled nad východem Slunce,2014.0,CZ,cs,Drama,7.0,32.0,5
tt10058356,Leur souffle,2019.0,FR,fr,Documentary,7.0,25.0,4
tt17351966,Femicide - Nel nome delle donne,2022.0,IT,it,"Documentary, Crime",7.1,30.0,5
tt0374132,Pokolenie '89,2002.0,PL,pl,Documentary,7.1,13.0,6
tt0237180,A Doua varianta,1987.0,RO,ro,,7.2,7.0,2
tt7720736,Wiosna Smoków,2018.0,PL,pl,"Documentary, Action, Adventure, Drama, Sport",7.6,5.0,4
tt0284203,Im Spiegel der Maya Deren,2001.0,AT,en,"Documentary, Biography",7.3,446.0,8
tt0486609,Kriegerherzen,2005.0,DE,de,Fantasy,7.6,17.0,4
tt8296608,Si linghun,2018.0,CH,cmn,"Documentary, History",8.0,402.0,9
tt1430150,Zéro deux,2007.0,FR,fr,,8.7,24.0,4
tt0290729,Lola vende cá,2002.0,ES,es,Drama,7.1,44.0,7
tt2119465,Little Criminals,2001.0,GB,en,Documentary,8.8,16.0,4
tt0041375,Flickan från tredje raden,1949.0,SE,sv,"Comedy, Drama",7.2,307.0,6
tt0051787,Gli italiani sono matti,1958.0,IT,it,Comedy,7.5,20.0,4
tt10182822,Loro,2018.0,IT,it,"Biography, Drama",6.7,7508.0,9
tt6235078,Camminando sull'acqua,2016.0,IT,it,"Documentary, Biography, History",8.2,8.0,4
tt0367617,Condor - les axes du mal,2003.0,FR,es,Documentary,7.7,18.0,6
tt5728662,Bd. Voltaire,2017.0,FR,fr,Drama,8.3,42.0,7
tt0135900,Detention Room,1986.0,GB,,,8.2,7.0,3
tt5067192,Evento Frontera,2015.0,ES,es,Documentary,8.4,8.0,3
tt1915534,À l'ombre de la République,2011.0,FR,fr,Documentary,7.2,23.0,4
tt8096842,Flesh Out,2019.0,IT,qav,Drama,7.2,262.0,8
tt3906174,Elle,2016.0,FR,fr,"Crime, Drama, Thriller",7.1,72293.0,9
tt1975241,Rif 1921 una historia olvidada,2008.0,ES,es,Documentary,7.9,9.0,4
tt13599510,Fuck Haneke,2020.0,PT,en,"Documentary, Biography",8.5,9.0,2
tt6707238,Mémoires de Civils,2012.0,FR,fr,Documentary,7.3,7.0,2
tt0366430,"Isa, poeg ja püha Toorum",1997.0,EE,,"Documentary, Comedy, Drama",7.6,10.0,3
tt7716120,Und morgen die ganze Welt,2020.0,DE,de,"Crime, Drama, Romance",6.0,3717.0,5
tt0183039,El encanto del amor prohibido,1974.0,FR,fr,Drama,8.0,17.0,4
tt4059022,Olovne Godine,2016.0,RS,sr,Drama,7.7,21.0,5
tt0070007,Du côté d'Orouët,1971.0,FR,fr,"Comedy, Drama",7.4,507.0,6
tt1006937,Prevodachkata na cherno-beli filmi,2007.0,BG,bg,Documentary,8.1,22.0,4
tt7605690,Po upadku,1990.0,PL,pl,Drama,7.4,11.0,3
tt0169410,À la recherche de Kundun avec Martin Scorsese,1998.0,FR,en,Documentary,7.5,100.0,8
tt4317900,Familie Haben,2015.0,DE,de,Documentary,8.0,12.0,4
tt0295580,Salamander,2000.0,DE,de,,7.0,17.0,3
tt0018553,Die weiße Spinne,1927.0,DE,de,Drama,7.4,8.0,3
tt12009290,Als we het zouden weten,2008.0,NL,nl,Documentary,7.7,7.0,3
tt2951700,Whoops!,2013.0,GB,en,"Comedy, Drama",8.4,41.0,6
tt0295549,Radiostacioni,1979.0,AL,sq,War,7.6,19.0,3
tt2469742,Cigáni idú do volieb,2012.0,CZ,sk,"Documentary, Biography, Drama",7.1,18.0,3
tt1000059,O allos,2005.0,GR,el,Documentary,7.5,7.0,4
tt1863245,Four Hours,2011.0,GB,en,Drama,7.4,25.0,4
tt6535056,A Inceput Ploaia,2017.0,GB,ro,Documentary,7.8,5.0,3
tt7322838,Las cloacas de Interior,2017.0,ES,es,Documentary,7.5,32.0,4
tt12544762,Marx può aspettare,2021.0,IT,it,Documentary,7.3,678.0,9
tt3604972,Le sedie di Dio,2014.0,IT,it,"Adventure, Comedy, Drama",7.3,11.0,4
tt14831476,Act of Union,2021.0,GB,en,Documentary,8.7,16.0,5
tt0390169,Kragovrat,1993.0,BG,bg,Drama,7.5,13.0,3
tt7321736,Les démons meurent à l'aube,2016.0,FR,fr,Drama,7.9,9.0,4
tt5668372,Armânii,2015.0,RO,rup,"Documentary, Biography, History",8.8,14.0,2
tt0459912,"Ni locas, ni terroristas",2005.0,ES,es,Documentary,7.2,14.0,3
tt12206070,"Neuseeland - Gletscher, Vulkane und Kiwis",2019.0,DE,de,Documentary,7.8,12.0,3
tt0057930,Le repas des fauves,1964.0,FR,fr,"Drama, War",7.0,213.0,6
tt0416251,Texas - Kabul,2004.0,DE,de,Documentary,8.1,15.0,4
tt3305240,El círculo de Raynard,2014.0,ES,es,"Fantasy, Mystery, Thriller",7.4,17.0,4
tt0159435,Familienanschluß,1941.0,DE,de,Comedy,7.3,10.0,3
tt4674594,Sya,2018.0,GB,en,"Comedy, Mystery, Thriller",7.5,12.0,6
tt1584781,An Ordinary Family,2005.0,SE,es,Documentary,7.4,15.0,3
tt0039427,Die Glücksmühle,1947.0,AT,de,Comedy,7.1,12.0,2
tt6619064,Born to Be Free,2016.0,GB,en,Documentary,7.6,247.0,7
tt3651822,Immunity,2014.0,BG,bg,Thriller,7.4,28.0,4
tt0018415,Die Verrufenen,1925.0,DE,zxx,Drama,7.0,88.0,6
tt1785283,Alamedadosoulna la película,2009.0,ES,es,"Adventure, Comedy, Musical",7.1,9.0,3
tt32085997,Miséricorde,2024.0,FR,fr,"Comedy, Crime, Drama",7.1,707.0,7
tt5186236,Powidoki,2016.0,PL,pl,"Biography, Drama, History",7.0,3386.0,10
tt13986070,Free Way (Camí Lliure),2020.0,ES,es,Documentary,7.9,10.0,4
tt2313238,Double Cross: The True Story of the D-day Spies,2012.0,GB,en,"Documentary, History, War",7.6,56.0,7
tt0032777,Meine Tochter tut das nicht,1940.0,DE,de,"Comedy, Romance",7.0,12.0,3
tt0281202,Sladke sanje,2001.0,SI,sl,"Comedy, Drama, Romance",7.2,152.0,6
tt2737050,"Deux jours, une nuit",2014.0,BE,fr,Drama,7.3,51067.0,10
tt3981432,Micke Dubois: Mycket mer än Svullo,2006.0,SE,sv,Comedy,7.6,14.0,2
tt1964625,Das Cast Ding,2011.0,DE,de,Comedy,8.3,14.0,3
tt0756237,Pescanik,2007.0,RS,sr,"Drama, War",7.4,105.0,7
tt0028664,Brillanten,1937.0,DE,de,Drama,7.0,11.0,2
tt1647482,Walking Back to Happiness,2010.0,BE,nl,Documentary,7.6,20.0,5
tt0029753,Wenn Frauen schweigen,1937.0,DE,de,,7.1,15.0,4
tt3322920,"Lino Miccichè, mio padre - Una visione del mondo",2013.0,IT,it,Documentary,8.7,12.0,3
tt5362988,Wind River,2017.0,GB,en,"Crime, Drama, Mystery, Thriller, Western",7.7,289794.0,7
tt4080956,A Prayer Before Dawn,2017.0,GB,en,"Action, Biography, Crime, Drama, Sport",6.8,26898.0,7
tt12032828,El guardián de la cueva,2018.0,ES,es,Documentary,7.8,20.0,5
tt3836294,Tout est faux,2014.0,FR,fr,Drama,7.0,9.0,4
tt23061880,Mighty Afrin: In the Time of Floods,2023.0,GR,bn,Documentary,8.3,68.0,7
tt1379191,La neige au village,2008.0,FR,fr,"Drama, Mystery",7.0,92.0,6
tt1500847,Only Human,2009.0,IE,en,Romance,8.2,36.0,6
tt8923234,COPEL: Una historia de rebeldía y dignidad,2017.0,ES,es,Documentary,7.3,6.0,3
tt26548602,The Thracian Curse,2022.0,BG,bg,"Horror, Mystery",7.7,8.0,3
tt0839954,Popp í Reykjavík,1998.0,IS,is,"Documentary, Music",8.6,28.0,4
tt4936450,Bacalaureat,2016.0,RO,ro,"Crime, Drama",7.3,14961.0,9
tt12624330,League of Legends: More Than a Game,2020.0,PL,pl,Documentary,8.1,17.0,4
tt6748466,Loro 1,2018.0,IT,it,"Biography, Drama",6.7,5396.0,9
tt1617621,A Place Called Ardoyne,1973.0,IE,en,Documentary,9.2,6.0,6
tt0217563,Im Trommelfeuer der Westfront,1936.0,DE,de,"Documentary, War",7.0,8.0,2
tt2938412,Kim,2015.0,SE,sv,Drama,7.0,22.0,5
tt7137782,Punk in Bonn: Der Film,2012.0,DE,de,Documentary,8.6,5.0,4
tt10039642,In the Cold Dark Night,2020.0,GB,en,Documentary,7.1,498.0,6
tt4557512,Jota de Saura,2016.0,ES,es,"Documentary, Musical",7.1,129.0,6
tt5214562,Vanessa,2015.0,AT,de,"Biography, Comedy, Crime, Drama, Thriller",8.0,16.0,3
tt0164564,...ere erera baleibu izik subua aruaren...,1970.0,ES,,Animation,7.0,156.0,7
tt1240496,"Retourne-moi, c'est meilleur",1982.0,FR,fr,Adult,7.3,15.0,2
tt6131004,Rodando al Destino,2016.0,ES,es,Documentary,8.7,7.0,3
tt11575608,Lavyrinthos,2019.0,GR,el,Documentary,7.9,7.0,4
tt1441395,Under the Skin,2013.0,GB,en,"Drama, Horror, Mystery, Sci-Fi, Thriller",6.3,162483.0,6
tt1603485,Shanghai Fiction,2009.0,DE,de,Documentary,7.8,11.0,4
tt10137106,Brothers in Arms,2019.0,UA,uk,Documentary,8.0,10.0,3
tt3257648,Waiting for August,2014.0,BE,ro,"Documentary, Drama, Family",7.1,238.0,7
tt2848296,En perfekt film,2014.0,SE,sv,Drama,7.8,11.0,3
tt0050974,Sissi - Schicksalsjahre einer Kaiserin,1957.0,AT,de,"Drama, History, Romance",6.6,6171.0,5
tt0117228,Och stjärnans namn var malört,1996.0,SE,sv,Documentary,7.9,10.0,3
tt11906472,Die Unbeugsamen,2021.0,DE,de,Documentary,7.5,225.0,6
tt4875488,Gipsofila,2015.0,PT,pt,"Documentary, Biography, Family",7.9,27.0,4
tt8905766,Sinterklaas & Het Pieten Duo: Het Gestolen Speelgoed,2018.0,NL,nl,Family,7.3,7.0,2
tt0135789,Balladen om Holger Danske,1996.0,DK,da,"Action, Drama",7.5,31.0,4
tt0495806,Augstuma robeza,2005.0,LV,lv,Drama,7.0,23.0,4
tt2304426,The Selfish Giant,2013.0,GB,en,Drama,7.3,12856.0,9
tt2853960,No todo es vigilia,2014.0,ES,es,"Documentary, Drama",7.0,65.0,8
tt3630108,Life in the Borderlands-Portraits of Patmos,2014.0,GB,en,Documentary,7.7,8.0,4
tt1234554,Tannöd,2009.0,DE,de,"Crime, Drama, Horror, Mystery, Thriller",5.5,1170.0,5
tt0389557,Zwartboek,2006.0,NL,nl,"Drama, Thriller, War",7.7,81525.0,8
tt6246352,Potetmos,2017.0,NO,no,"Action, Adventure, Comedy",7.7,7.0,3
tt4543358,Hearts at War,2016.0,GB,en,Drama,7.8,8.0,4
tt12573828,Nordlands Jeanne d'Arc,2021.0,NO,no,"Documentary, Biography, War",7.7,25.0,5
tt11277916,Waldhof Wahnsinn,2019.0,DE,de,Documentary,8.2,5.0,3
tt0201952,Sud,1999.0,FR,en,Documentary,7.0,411.0,8
tt2538022,Klänge des Verschweigens,2012.0,DE,de,"Documentary, Biography, History, War",7.6,11.0,4
tt0064485,"Infanzia, vocazione e prime esperienze di Giacomo Casanova, veneziano",1969.0,IT,it,"Biography, Comedy, History",7.1,472.0,6
tt3903276,Mikis Theodorakis. Composer,2010.0,DE,el,"Documentary, Biography, Music",8.8,12.0,4
tt0427207,Edward Said: The Last Interview,2004.0,GB,en,Documentary,8.3,44.0,7
tt2096519,Kyteman - Now What?,2011.0,NL,nl,"Documentary, Drama, Music",7.2,34.0,7
tt7526894,Budynok 'Slovo',2017.0,UA,uk,"Documentary, Drama, History",7.6,149.0,7
tt1319706,"Coulda, Woulda, Shoulda",2018.0,GB,en,"Comedy, Drama, Family, Romance",7.2,16.0,5
tt0103755,Ei enää eilispäivää,1956.0,FI,fi,"Drama, War",8.0,6.0,4
tt6208636,My Cousin Is the Mayor of New York,2016.0,IT,it,Documentary,8.5,12.0,4
tt7554326,Le musée des au revoir,2017.0,FR,fr,,7.5,9.0,4
tt11135902,"Sorry brødre, det ble meg",2019.0,NO,no,"Documentary, Biography",7.2,5.0,4
tt0088874,Kalabaza Tripontzia,1985.0,ES,eu,,7.7,24.0,4
tt1672167,Arrebatados. Recordando a Iván Zulueta,2010.0,ES,es,Documentary,8.3,18.0,3
tt0210618,Com Quase Nada,2001.0,PT,pt,"Documentary, Family, Music",7.8,8.0,3
tt0247050,The Sounds of Silents - Der Stummfilmpianist,2006.0,DE,,"Documentary, Music",8.0,29.0,4
tt4111334,Tai Chi,2014.0,BG,bg,"Action, Biography, Drama",7.9,10.0,2
tt10742176,"Thomas Pesquet, l'étoffe d'un héros",2019.0,FR,fr,Documentary,7.2,27.0,3
tt10400418,Max Richter's Sleep,2019.0,GB,,"Documentary, Music",7.2,657.0,7
tt8323326,Hjerter dame,2018.0,DK,da,"Documentary, Biography",7.1,11.0,4
tt6282570,Land of Light,2016.0,DE,ar,"Adventure, Drama, Fantasy, War",7.2,23.0,5
tt4619834,Habitat: Note personali,2014.0,IT,it,Documentary,8.5,13.0,3
tt2058684,Rodicas,2012.0,DE,de,"Documentary, Comedy",7.6,8.0,4
tt11170736,Kowloon - The Walled City,1988.0,AT,de,Documentary,7.4,37.0,6
tt0159116,Der Weg nach Shanghai,1936.0,DE,de,Drama,7.0,15.0,2
tt6862536,Genesis 2.0,2018.0,CH,en,Documentary,7.1,565.0,6
tt1588339,Portraits deutscher Alkoholiker,2010.0,DE,de,Documentary,7.6,68.0,7
tt0136423,Nachtgestalten,1999.0,DE,de,"Comedy, Drama",7.4,729.0,6
tt0099326,La cruz de Iberia,1990.0,ES,es,Drama,7.9,16.0,3
tt6150204,Nieuwe Tieten,2013.0,NL,nl,"Documentary, Drama",7.8,7.0,3
tt11821898,Rebirth: Voice of Silence,2022.0,MK,mk,"Drama, Mystery, Romance",8.4,5.0,4
tt0298382,A Janela (Maryalva Mix),2001.0,PT,pt,Comedy,7.0,164.0,7
tt0028018,Ein Mädel vom Ballett,1937.0,DE,de,Comedy,7.0,12.0,2
tt0031520,Der junge Graf,1935.0,DE,de,Comedy,7.2,12.0,2
tt7770184,"Lana Turner, l'indétrônable",2016.0,FR,fr,Documentary,7.8,17.0,4
tt5978000,Pendechos!,2016.0,DE,de,Action,7.1,17.0,5
tt7765650,Punaisen metsän hotelli,2011.0,FI,zh,"Documentary, Adventure, Drama, News, Thriller",7.1,55.0,6
tt21445984,All Through the Hall,2022.0,DE,de,Thriller,7.2,19.0,5
tt9657530,Poslednja avantura Kaktus Bate,2018.0,RS,sr,Animation,7.8,14.0,5
tt6264034,Kampioenen van Amsterdam,2016.0,NL,nl,"Documentary, Sport",9.0,8.0,4
tt0096968,Boris Godounov,1989.0,FR,ru,"Musical, Drama",7.2,392.0,6
tt0107580,Mirakel,1990.0,AT,de,Drama,7.0,11.0,3
tt2399523,Journal de France,2012.0,FR,fr,Documentary,7.1,316.0,8
tt2816858,Georg Baselitz,2013.0,DE,de,Documentary,7.2,19.0,6
tt0156304,Auf der Kippe,1997.0,DE,ro,Documentary,7.5,18.0,4
tt19760418,The Last Rider,2022.0,GB,fr,"Documentary, Biography, History, Sport",7.5,364.0,7
tt6483364,Teen Spirit,2018.0,GB,en,"Drama, Music",6.1,9933.0,6
tt0779268,Legami di sangue,2009.0,IT,it,Drama,9.0,25.0,5
tt2217476,Prikrita skrivnost,2012.0,SI,sl,"Drama, Mystery, Thriller",8.9,15.0,4
tt1256623,Il falso bugiardo,2008.0,IT,it,"Biography, History",7.9,31.0,4
tt0085384,Curse of the Pink Panther,1983.0,GB,en,"Comedy, Crime, Mystery",4.3,6870.0,4
tt4957736,Zhyva vatra,2015.0,UA,uk,Documentary,8.0,176.0,6
tt11038468,Koris. Dirigents. Kamer...,2019.0,LV,lv,Documentary,8.2,10.0,3
tt8621360,Project Alpha or Short Instruction on Self-Realization,2018.0,UA,uk,Documentary,9.2,13.0,3
tt1675167,Jäämarssi,2011.0,FI,fi,"Documentary, War",7.4,22.0,6
tt2145478,The Noise of Cairo,2012.0,DE,ar,"Documentary, History",7.8,18.0,3
tt2632726,Molière,1978.0,FR,fr,"Biography, Drama, History",7.6,895.0,7
tt0035667,Béatrice devant le désir,1944.0,FR,fr,,7.4,22.0,4
tt1223963,Memory Books - Damit du mich nie vergisst...,2008.0,DE,de,Documentary,7.3,19.0,3
tt0368794,I'm Not There,2007.0,GB,en,"Biography, Drama, Music",6.8,61932.0,8
tt0768206,Die letzte Droge,2006.0,DE,es,"Documentary, Mystery, Sci-Fi",7.4,12.0,4
tt10955684,He Vuelto,2019.0,ES,es,Horror,7.4,6.0,5
tt0078080,Les petites fugues,1979.0,CH,fr,"Comedy, Drama",7.3,432.0,8
tt0301485,Joutilaat,2001.0,FI,fi,Documentary,7.2,277.0,7
tt21147496,Der letzte Ketzer,2022.0,CH,de,"Documentary, Biography, History",8.5,6.0,2
tt0298312,Duke Ellington's Sacred Concerts,1998.0,CH,,Documentary,7.8,8.0,2
tt1871324,My Long Distance Friend,2011.0,NL,nl,"Documentary, Drama",7.8,7.0,3
tt2585880,Blues,2012.0,DE,de,Drama,9.0,33.0,7
tt0111286,Stein & stjerner,1994.0,NO,no,"Documentary, Music",7.0,9.0,5
tt17640534,Die Kür ihres Lebens,2022.0,DE,de,"Documentary, Biography, Sport",7.9,25.0,5
tt33823467,Éden & Charlie,2024.0,FR,fr,Romance,8.0,6.0,4
tt5284224,Aktivisti,2017.0,FI,fi,Documentary,7.5,22.0,5
tt0791220,Apart in the World,2006.0,PL,he,Documentary,9.1,23.0,5
tt0059019,Catembe,1965.0,PT,pt,Documentary,7.2,14.0,4
tt3409312,Mondo Homo,2009.0,FR,fr,"Documentary, History",8.5,18.0,3
tt0135639,Santa Tsikita,1953.0,GR,el,Comedy,7.4,430.0,6
tt3358086,Das radikal Böse,2013.0,DE,de,Documentary,7.5,219.0,6
tt1642617,First Try,2009.0,DE,de,Documentary,9.2,7.0,3
tt1593288,Horses,2010.0,IE,en,Documentary,7.0,16.0,5
tt1855294,Oi nymfes tou Hindu Kush,2011.0,GR,el,Documentary,7.7,18.0,4
tt0350574,B comme Béjart,2002.0,CH,fr,Documentary,7.3,24.0,8
tt22864082,Regreso a Raqqa,2022.0,ES,es,Documentary,7.3,16.0,4
tt2958558,The Bloc,2013.0,PL,pl,"Crime, Mystery, Thriller",7.7,17.0,4
tt0093508,Material urbà,1988.0,ES,ca,,7.2,13.0,2
tt1691323,Attenberg,2010.0,GR,el,"Comedy, Drama, Romance",6.2,7945.0,9
tt3832132,Deux jours avec mon père,2014.0,CH,fr,"Drama, Family",7.2,13.0,4
tt2044019,The Boy Who Was a King,2011.0,BG,bg,"Documentary, Biography, History",7.5,90.0,7
tt0295383,Këshilltarët,1979.0,AL,sq,"Drama, War",7.9,15.0,3
tt5197778,Az utolsó nagymester 2,2016.0,HU,hu,Action,7.6,18.0,3
tt3750872,The Wife,2017.0,GB,en,Drama,7.2,43789.0,8
tt7107756,Mi vida entre las hormigas,2017.0,ES,es,"Documentary, Music",7.2,100.0,7
tt15804638,Alcindo,2021.0,PT,pt,"Documentary, Biography, History",7.7,40.0,7
tt0036059,Die Jungfern vom Bischofsberg,1943.0,DE,de,"Comedy, Romance",7.8,9.0,3
tt7511320,Scheme Birds,2019.0,SE,en,Documentary,7.2,545.0,6
tt1314833,Razvod po albanski,2008.0,BG,,Documentary,7.4,33.0,5
tt0259623,La chatte sans pudeur,1975.0,FR,fr,Adult,7.1,15.0,2
tt2256869,The Making of Jesus Christ,2012.0,CH,de,Documentary,7.5,17.0,4
tt6354090,Liebes Ich,2017.0,DE,de,Documentary,7.4,9.0,3
tt10438500,Picciridda - Con i piedi nella sabbia,2019.0,IT,it,Drama,7.3,571.0,7
tt0835819,Az emigráns,2007.0,HU,en,Drama,7.0,47.0,6
tt0090336,Wohin und zurück - Teil 3: Welcome in Vienna,1986.0,AT,de,Drama,7.5,190.0,6
tt11343582,"L'Huma, la lutte, l'Huma, la fête",1993.0,FR,fr,Documentary,9.0,9.0,6
tt0311412,Kriegerin des Lichts,2001.0,DE,de,Documentary,8.0,41.0,8
tt26928100,Mykonian Pastoral,2023.0,GR,el,Documentary,7.0,5.0,3
tt0110377,London,1994.0,GB,en,Documentary,7.3,783.0,9
tt0030721,Scheidungsreise,1938.0,DE,de,"Comedy, Romance",7.4,7.0,4
tt0870984,Antichrist,2009.0,DK,en,"Drama, Horror, Thriller",6.5,139327.0,6
tt6233550,Born in Deir Yassin,2017.0,FR,he,Documentary,8.1,28.0,5
tt0034774,Gelosia,1942.0,IT,it,Drama,7.5,17.0,2
tt31124695,Bis hierhin und wie weiter?,2023.0,DE,de,Documentary,7.5,10.0,6
tt2805526,Vladyka Andrey,2008.0,UA,uk,"Biography, Drama, History",7.3,47.0,6
tt0049919,Vidas Sem Rumo,1956.0,PT,pt,Drama,7.1,45.0,7
tt2671324,Die Zeit vergeht wie ein brüllender Löwe,2013.0,DE,de,Documentary,7.5,46.0,7
tt0023530,Strich durch die Rechnung,1932.0,DE,de,Comedy,7.5,17.0,2
tt3450324,The Host and the Cloud,2013.0,FR,fr,,7.9,17.0,4
tt0041137,Au royaume des cieux,1949.0,FR,fr,"Drama, Romance",7.1,151.0,6
tt0757332,Siamo italiani,1964.0,CH,it,Documentary,7.6,31.0,5
tt1206282,Una ballata bianca,2007.0,IT,it,Drama,7.8,22.0,5
tt0199873,Nos traces silencieuses,1998.0,FR,fr,Documentary,7.8,16.0,4
tt1735488,Hathihi swrati wa ana mayet,2010.0,NL,ar,"Documentary, Drama",7.2,42.0,7
tt4660564,A Reel Life,2018.0,GB,en,"Comedy, Drama",8.2,7.0,4
tt0386342,Brødre,2004.0,DK,da,"Drama, War",7.5,12013.0,8
tt8724016,"I, Dolours",2018.0,IE,en,Documentary,7.1,324.0,6
tt6996854,Maj Doris,2018.0,SE,sv,Documentary,8.0,28.0,5
tt5080074,Patries,2015.0,FR,fr,Drama,7.4,20.0,6
tt1680136,Klovn: The Movie,2010.0,DK,da,Comedy,7.1,11865.0,8
tt0158318,Le vainqueur,1932.0,DE,fr,Sport,7.5,11.0,2
tt26690739,O fylakas,2020.0,GR,el,"Drama, Sci-Fi",8.4,8.0,3
tt3548098,An Arctic Space Odyssey,2014.0,NO,no,"Documentary, Biography, History",8.5,18.0,3
tt13756520,Grenzland,2020.0,DE,de,Documentary,7.3,17.0,4
tt0168107,Onorevoli detenuti,1998.0,IT,it,Drama,7.2,12.0,3
tt7341660,Olegs krig,2017.0,DK,ru,"Documentary, War",7.6,658.0,6
tt9070818,Non Scordarti,2014.0,IT,it,Drama,8.2,5.0,5
tt0142751,Pantalaskas,1960.0,FR,fr,Comedy,7.9,28.0,4
tt7606778,Derrière les fronts: Résistances et résiliences en Palestine,2017.0,FR,,Documentary,7.0,11.0,4
tt3114938,One Girl,2018.0,GB,ro,Documentary,8.6,18.0,4
tt10122930,Humanity on Trial,2019.0,DK,da,Documentary,8.3,27.0,5
tt14296830,Ocean Souls,2020.0,GB,en,Documentary,8.1,27.0,4
tt8055880,Waldheims Walzer,2018.0,AT,de,"Documentary, History",7.5,544.0,7
tt14670028,The last Austrians,2020.0,AT,de,Documentary,7.4,10.0,4
tt8975732,Maisie,2021.0,GB,en,Documentary,8.0,29.0,9
tt4214470,Gorchlach: The Legend of Cordelia,2016.0,IT,it,"Adventure, Fantasy, History",7.1,11.0,4
tt2237168,Mediterranean Blue,2012.0,ES,en,Drama,7.3,29.0,4
tt16993942,Bluestown Rising,2022.0,NO,no,"Documentary, Music",7.3,7.0,4
tt0093450,Kolysanka,1986.0,PL,pl,Drama,8.2,21.0,7
tt4623752,Experimentul Pitesti,2023.0,RO,ro,"Biography, Drama, History",7.2,49.0,7
tt2022460,Manenberg,2010.0,DK,af,Documentary,8.5,8.0,4
tt3811932,Vuxen,2014.0,SE,fa,Documentary,7.6,20.0,5
tt0867289,Faustrecht,2006.0,CH,gsw,Documentary,7.4,21.0,4
tt13786786,Street Line,2021.0,DE,ne,Documentary,9.0,6.0,4
tt0038902,Sag' die Wahrheit,1946.0,DE,de,"Comedy, Romance",7.4,16.0,3
tt1593747,Montagna con Forza,2002.0,NO,en,"Adventure, Drama, Fantasy, Music",8.0,14.0,5
tt32628736,100dB Indust-bag,2024.0,SI,sl,Documentary,8.8,9.0,4
tt1244717,Où est l'amour dans la palmeraie?,2006.0,BE,fr,Documentary,7.8,13.0,3
tt2779646,A Common Enemy,2013.0,ES,fr,"Documentary, Thriller",8.8,23.0,4
tt31033173,Waterdrop,2024.0,AL,sq,"Drama, Mystery, Thriller",7.1,28.0,4
tt0160113,Cari mostri del mare,1977.0,IT,it,Documentary,7.3,10.0,4
tt1560970,Neds,2010.0,GB,en,Drama,6.9,8896.0,8
tt1332516,Esprit es-tu là?,2008.0,FR,fr,Fantasy,7.0,10.0,4
tt0252879,Andrea Doria -74,1970.0,IT,it,Documentary,7.7,10.0,3
tt1742108,Opus K,2011.0,IE,en,"Drama, Mystery, Thriller",7.4,13.0,4
tt0104737,Listopad,1992.0,FR,fr,Horror,7.2,70.0,7
tt0191266,Le mari rêvé,1936.0,FR,fr,Comedy,7.0,9.0,5
tt3067774,Los muertos también bailan,2014.0,ES,es,"Comedy, Drama, Thriller",7.0,20.0,5
tt0045488,El alcalde de Zalamea,1954.0,ES,es,Drama,7.1,33.0,4
tt1177216,Zigeuner,2007.0,DE,sk,Documentary,7.4,31.0,5
tt0324501,Leichte Muse,1941.0,DE,de,,7.8,14.0,2
tt0114538,Stefanies Geschenk,1995.0,CH,de,"Drama, Thriller",7.1,118.0,7
tt6922062,Binti,2019.0,BE,nl,"Drama, Family",6.5,248.0,8
tt0326648,Les trois vies d'Edouard Chevardnadze,2003.0,FR,fr,Documentary,8.8,9.0,3
tt0029958,Bør Børson Jr.,1938.0,NO,no,"Comedy, Romance",7.1,21.0,4
tt0029826,L'étrange Monsieur Victor,1938.0,FR,fr,"Crime, Drama",7.2,441.0,6
tt2566340,"Cuba, Batista et la mafia",2012.0,DE,es,Documentary,7.3,20.0,4
tt0163002,Idol of Paris,1948.0,GB,en,Drama,7.4,23.0,4
tt1611847,Habanece,2003.0,ES,es,Drama,7.1,9.0,4
tt1157547,La Bohème,2008.0,AT,it,"Music, Musical, Romance",7.2,406.0,6
tt3397544,Angrebet på Shellhuset,2013.0,DK,da,Documentary,9.1,18.0,4
tt1741694,Din dragoste cu cele mai bune intentii,2011.0,HU,ro,Drama,6.7,547.0,9
tt0762109,Inatteso,2005.0,IT,it,Documentary,8.3,12.0,6
tt7753342,The Harvest,2017.0,IT,it,"Documentary, Drama, Musical",7.4,17.0,2
tt10397972,Ísland í lifandi myndum,1925.0,IS,zxx,Documentary,7.8,12.0,3
tt0200849,Mein liebster Feind - Klaus Kinski,1999.0,DE,de,"Documentary, Biography",7.8,12478.0,8
tt0479215,Életek éneke,2008.0,HU,hu,"Documentary, Music",8.1,29.0,4
tt0172874,Ngadhnjim mbi vdekjen,1967.0,AL,sq,"Drama, War",8.2,27.0,5
tt1845789,Die Tigerentenbande - Der Film,2011.0,DE,de,Animation,8.1,11.0,3
tt1621056,Vous êtes servis,2010.0,BE,id,Documentary,8.2,12.0,2
tt0128725,Oi tembelides tis eforis koiladas,1978.0,GR,el,"Comedy, Drama, Romance",7.2,893.0,6
tt1401179,Japan: A Story of Love and Hate,2008.0,GB,ja,Documentary,7.8,474.0,6
tt12444426,Seize printemps,2020.0,FR,fr,"Drama, Romance",5.8,1246.0,9
tt0102780,Retrato de Família,1991.0,PT,pt,Drama,7.5,24.0,4
tt1505405,Separado!,2010.0,GB,cy,"Documentary, Family, Music",7.5,139.0,7
tt0293466,"Novo, novo vrijeme",2001.0,HR,qbo,Documentary,7.9,86.0,6
tt6423562,Fasandræberne,2014.0,DK,da,"Crime, Drama, Mystery, Thriller",7.1,26699.0,8
tt0119040,East Side Story,1997.0,FR,de,"Documentary, Music",7.2,244.0,7
tt0021031,Kohlhiesels Töchter,1930.0,DE,de,Comedy,7.8,9.0,3
tt0060630,La ligne de démarcation,1966.0,FR,de,"Drama, War",7.1,934.0,7
tt0160141,Co delat?,1996.0,CZ,cs,Documentary,7.2,11.0,4
tt0397452,Den hemmelige klubben,2003.0,NO,no,Documentary,7.8,10.0,4
tt0301269,Ekzitus,1989.0,BG,bg,Drama,7.3,24.0,5
tt1534583,TreQuarti,2009.0,IT,it,Drama,7.1,9.0,3
tt3509420,Die Arier,2014.0,DE,de,Documentary,7.0,246.0,6
tt4250058,Gehry's Vertigo,2013.0,FR,es,Documentary,8.5,14.0,2
tt13215754,Vesilnyi Spadok,2020.0,UA,uk,Documentary,8.3,30.0,4
tt1562367,Mazel Tov,2009.0,DE,de,Documentary,7.8,7.0,3
tt32083311,On Becoming a Guinea Fowl,2024.0,GB,en,"Comedy, Drama",7.2,425.0,6
tt0151272,Kölcsönkapott idö,1993.0,HU,hu,"Crime, Drama",7.2,30.0,3
tt2959378,A Parede,2015.0,PT,pt,Drama,7.0,15.0,4
tt4474096,Amori e metamorfosi,2014.0,IT,it,"Drama, Romance",9.0,15.0,5
tt1594973,Nudi verso la follia,2004.0,IT,it,"Documentary, Music",7.2,14.0,7
tt0032435,Eladó birtok,1941.0,HU,hu,"Comedy, Romance",7.0,15.0,3
tt5536056,María conversa,2016.0,ES,es,"Documentary, Biography",7.3,10.0,4
tt1653919,Oi gynaikes me ta mavra,2007.0,GR,el,Documentary,8.1,17.0,3
tt2614684,'71,2014.0,GB,en,"Action, Crime, Drama, Thriller, War",7.2,62182.0,4
tt3344948,The Double,2013.0,GB,en,"Comedy, Drama, Mystery, Sci-Fi, Thriller",6.5,53414.0,8
tt0169334,Treasure at the Mill,1957.0,GB,en,Family,7.2,71.0,6
tt9359180,Scapegoat,2024.0,SE,,"Crime, Drama",7.0,22.0,3
tt32249170,Darklands: Are you ready to go deep?,2024.0,BE,nl,Documentary,9.3,7.0,3
tt16429138,Elsker dig i skjul,2021.0,DK,da,Drama,7.4,10.0,4
tt5224490,Teatro alla Scala: Il tempio delle meraviglie,2015.0,IT,it,Documentary,7.0,29.0,4
tt11393948,Epicentro,2020.0,AT,es,Documentary,6.8,304.0,8
tt3440246,La Bohème,2010.0,GB,it,"Drama, Musical, Romance",7.6,17.0,2
tt2296821,Kathleen Ferrier,2012.0,BE,fr,"Documentary, Biography, Music",7.0,13.0,3
tt4411878,Andrea Chénier: Live from the Royal Opera House,2015.0,GB,it,"History, Musical, Romance",8.1,27.0,4
tt5004582,"Vivir para Dibujar, Dibujar para Vivir",2015.0,ES,es,Documentary,7.0,5.0,4
tt0040222,Cenerentola,1949.0,IT,it,"Comedy, Music, Romance",7.0,20.0,5
tt11044866,Digital Addicts,2018.0,FR,fr,Documentary,7.1,18.0,3
tt7876312,Ceres,2018.0,BE,nl,Documentary,7.3,32.0,7
tt29537383,I peripeteia tou vlemmatos,2023.0,GR,el,Drama,8.3,7.0,3
tt12397822,Thinking Nietzsche,2018.0,AT,de,Documentary,8.5,7.0,4
tt1215487,The Unwinking Gaze: The Inside Story of the Dalai Lama's Struggle for Tibet,2008.0,GB,en,Documentary,7.3,66.0,6
tt9843292,Fisch lernt fliegen,2019.0,DE,de,Drama,7.5,11.0,6
tt0472521,Espelho Mágico,2005.0,PT,fr,"Drama, Music",6.7,378.0,9
tt5227524,Habaneros,2017.0,GB,es,Documentary,7.5,108.0,6
tt1179757,Anadysi,2007.0,GR,el,"Documentary, Sport",9.0,18.0,4
tt0227386,Ring,1978.0,IT,it,Drama,7.0,19.0,3
tt13893676,Vidas menores,2020.0,ES,es,Documentary,7.3,13.0,6
tt7713032,Beerput Nederland,2017.0,NL,nl,Documentary,7.1,14.0,4
tt0193239,Ils étaient neuf célibataires,1939.0,FR,fr,"Comedy, Romance",7.0,290.0,6
tt2929890,L'homme qu'on aimait trop,2014.0,FR,fr,"Crime, Drama",6.1,1917.0,9
tt0056734,Älä nuolase...,1962.0,FI,fi,"Comedy, Crime, Romance",7.0,134.0,7
tt0442442,Rejas en la memoria,2004.0,ES,it,Documentary,8.1,18.0,4
tt0318805,"Versailles, la visite",1999.0,FR,fr,Documentary,7.8,23.0,5
tt1693928,Sneaker Stories,2008.0,AT,de,Documentary,7.8,8.0,3
tt0093138,Hamlet,1987.0,GB,,Drama,7.1,9.0,2
tt5212084,Should I Stay or Should I Go?,2015.0,DE,de,"Drama, Romance",8.5,10.0,2
tt0300691,Zeit der Titanen,2001.0,CH,it,Documentary,7.2,10.0,2
tt9249616,Amor de Perdição,1979.0,PT,pt,Drama,7.8,139.0,6
tt0047793,A 9-es kórterem,1955.0,HU,hu,"Drama, Romance",7.2,58.0,6
tt7274546,Das System Milch,2017.0,DE,de,Documentary,7.0,613.0,7
tt0030780,Spiegel des Lebens,1938.0,AT,de,"Drama, Romance",7.1,26.0,4
tt0092880,La deuda interna,1988.0,GB,es,"Drama, War",7.2,223.0,7
tt0250970,Aux jardins de Murcie,1936.0,FR,fr,Drama,7.3,9.0,4
tt0242562,Jugendliebe,1947.0,DE,de,Drama,7.4,15.0,3
tt2880668,64 Day Hero,1986.0,GB,en,Documentary,7.0,35.0,6
tt0073219,Le juge et l'assassin,1976.0,FR,fr,"Crime, Drama, History",7.3,2404.0,10
tt0095632,Mielött befejezi röptét a denevér,1989.0,HU,hu,"Drama, Thriller",7.1,239.0,7
tt4591784,Knox,2015.0,GB,en,Documentary,7.5,24.0,4
tt1965067,Somateio rakosyllekton,2011.0,GR,el,"Documentary, News",8.2,10.0,3
tt31241222,Last Shooting,2023.0,UA,uk,"Documentary, Biography, Crime, Drama, History, News, Romance, War",8.2,16.0,4
tt0027753,Ein Hochzeitstraum,1936.0,DE,de,Comedy,7.2,11.0,2
tt9493232,Se ti abbraccio non aver paura,2021.0,IT,it,Documentary,7.8,6.0,5
tt1174732,An Education,2009.0,GB,en,Drama,7.2,139104.0,8
tt0112859,Devils Don't Dream!,1995.0,CH,es,Documentary,7.6,12.0,6
tt0183320,Juhannustarinoita,1997.0,FI,fi,Drama,7.0,25.0,4
tt0028017,Mädchenpensionat,1936.0,AT,de,Drama,7.0,7.0,3
tt0049438,Liebe,1956.0,IT,de,Drama,7.0,16.0,2
tt0086318,Skønheden og udyret,1983.0,DK,da,Drama,7.0,640.0,6
tt24514040,Les âmes perdues,2022.0,FR,fr,Documentary,7.7,21.0,5
tt8469104,Qingchun,2023.0,FR,zh,Documentary,7.1,434.0,6
tt0483179,El telón de azúcar,2005.0,FR,es,"Documentary, History",7.5,94.0,10
tt12015604,The Long River Slides,2019.0,NL,nl,Documentary,7.8,13.0,4
tt10986224,Leonardo: The Works,2019.0,GB,en,Documentary,7.6,105.0,6
tt0031474,Ihr erstes Erlebnis,1939.0,DE,de,Romance,8.1,14.0,3
tt0366732,Lucia di Lammermoor,1971.0,IT,it,"Drama, Musical",7.9,33.0,4
tt0781436,La niebla en las palmeras,2006.0,ES,es,Documentary,7.5,24.0,5
tt4312028,Flow,2014.0,ES,es,"Drama, Family",7.5,13.0,3
tt0346947,Eres mi héroe,2003.0,ES,es,"Comedy, Drama",7.0,390.0,7
tt5495694,El arquitecto de Nueva York,2016.0,ES,es,Documentary,7.7,11.0,3
tt3710822,Juego de niños,1999.0,ES,es,"Animation, Action, Sci-Fi",8.7,18.0,2
tt5338644,Madame Hyde,2017.0,FR,fr,"Comedy, Drama, Sci-Fi",5.1,1679.0,9
tt0432872,Grenze,2004.0,DE,de,Documentary,8.3,17.0,3
tt5278928,Sonita,2015.0,DE,en,"Documentary, Biography, Music",7.6,895.0,7
tt0379189,The Bowler and the Bunnet,1967.0,GB,en,Documentary,7.9,72.0,7
tt3263690,Om våld,2014.0,SE,en,"Documentary, Drama, History, War",7.5,813.0,8
tt1101040,De poetsprins,2007.0,GB,zxx,"Animation, Adventure, Comedy, Family",7.2,20.0,4
tt13328226,"Eu, Amália",2020.0,PT,pt,Documentary,7.6,5.0,3
tt2263058,More Than Honey,2012.0,CH,de,Documentary,7.5,4346.0,10
tt1853713,The Pirates of Somalia: The Untold Story,2011.0,SE,en,Documentary,7.2,15.0,3
tt0135432,Golfo,1955.0,GR,el,"Drama, Romance",7.0,69.0,6
tt0095561,Macao oder die Rückseite des Meeres,1988.0,CH,gsw,Fantasy,7.5,38.0,8
tt5847768,The Tower,2018.0,FR,fr,"Animation, Drama",7.1,642.0,7
tt1492837,Festival panafricain d'Alger,1969.0,FR,fr,"Documentary, Musical",7.0,56.0,6
tt6369682,Osporena secanja i zamrznuti konflikt,2016.0,RS,sr,Documentary,7.0,9.0,2
tt0109746,Esti Kornél csodálatos utazása,1995.0,HU,hu,"Drama, Fantasy, Romance",7.0,94.0,7
tt1047639,Leben in der Stadt von Morgen,2007.0,DE,de,Documentary,8.4,7.0,3
tt14572068,Trek IT!,2021.0,IT,it,Documentary,8.3,20.0,5
tt15434060,La vera storia di Luisa Bonfanti,2021.0,IT,it,"Documentary, Biography, Comedy, History, Musical",8.5,30.0,5
tt0338527,Vaterland,2002.0,DE,de,Documentary,7.2,24.0,5
tt1221924,Palnan tyttäret,2008.0,FI,fi,Documentary,7.1,24.0,6
tt7746496,We Are Not Princesses,2018.0,GB,ar,Documentary,8.2,19.0,5
tt0133898,Klein Dorrit,1934.0,DE,de,Drama,7.3,18.0,2
tt3698616,Hannah: Buddhism's Untold Journey,2014.0,GB,en,"Documentary, Biography, History",7.4,192.0,6
tt0089849,La présence réelle,1984.0,FR,fr,,7.5,26.0,9
tt6655174,Kreatura,2017.0,DE,ru,Documentary,7.4,6.0,3
tt0170146,Lebanon in a Whirlwind,1975.0,FR,fr,Documentary,7.6,8.0,3
tt9803388,Pohjankävijäin merkintöjä,2019.0,FI,fi,Documentary,7.0,7.0,6
tt5669930,Whatever Happened to Gelitin,2016.0,AT,de,Documentary,7.9,9.0,3
tt2989348,A City Dreaming,2014.0,GB,,Documentary,9.0,13.0,5
tt0135504,To kleidi tis eftyhias,1953.0,GR,el,"Drama, Romance",7.1,19.0,3
tt0265524,La pianiste,2001.0,FR,fr,"Drama, Music",7.5,73583.0,6
tt0435392,"Sida, la peste del siglo XX",1986.0,ES,es,Drama,7.0,20.0,5
tt1180741,La Chambre des phantasmes,1979.0,FR,fr,Adult,8.8,8.0,3
tt0194901,Frisky Summer 3,1998.0,SK,cs,Adult,8.8,23.0,3
tt4654184,Die Reise mit Vater,2016.0,DE,de,"Comedy, Drama",7.1,667.0,8
tt0391309,Lyubovni sanishta,1994.0,BG,bg,Drama,7.1,30.0,4
tt11092776,Mario Botta. The Space Beyond,2018.0,CH,it,Documentary,7.2,13.0,4
tt11744472,Mijn Rembrandt,2019.0,NL,en,Documentary,7.0,452.0,11
tt9308382,The High Note,2020.0,GB,en,"Drama, Music, Romance",6.4,13884.0,7
tt0038132,Der stumme Gast,1945.0,DE,de,,7.8,20.0,4
tt2774228,Lykkens grøde,2008.0,NO,no,Documentary,8.1,16.0,4
tt0443194,Pork and Milk,2004.0,FR,he,Documentary,7.2,22.0,5
tt26670474,Hitlers tyske flygtninge i Danmark,2023.0,DK,da,"Documentary, History",8.1,16.0,4
tt3140100,Fasandræberne,2014.0,DK,da,"Crime, Drama, Mystery, Thriller",7.1,26999.0,8
tt0097475,A halálraítélt,1990.0,HU,hu,Drama,7.3,32.0,5
tt9404752,Champán para todos,2018.0,ES,es,Documentary,7.0,7.0,4
tt1262929,"Max Frisch, citoyen",2008.0,CH,de,Documentary,7.2,29.0,4
tt0218574,Sam's Boy,1922.0,GB,zxx,Comedy,7.2,14.0,5
tt18213362,The Last Artisans of Venice,2022.0,DE,de,Documentary,7.4,9.0,6
tt0351763,Snaha,1976.0,BG,bg,Drama,7.8,31.0,3
tt21154148,Another spring,2022.0,RS,sr,Documentary,7.1,30.0,5
tt0483142,Roba forestiera,2004.0,DE,it,Documentary,7.2,8.0,3
tt0025291,"Ich für dich, du für mich",1934.0,DE,de,Drama,7.0,15.0,2
tt0391931,Dnevnikat na edin lud,1996.0,BG,bg,Comedy,8.0,29.0,4
tt2157099,Yama No Anata,2011.0,PT,,Documentary,7.6,29.0,4
tt4658722,Il ghetto di Venezia. 500 anni di vita,2015.0,IT,en,"Documentary, Family, History",7.0,8.0,7
tt2819148,Rapunzel Nabunzel,2014.0,ES,es,"Comedy, Drama, Fantasy, Music, Romance",7.6,21.0,5
tt8984670,Hondar 2050,2018.0,ES,es,Documentary,8.2,10.0,4
tt0442289,Kate - La bisbetica domata,2004.0,IT,it,"Animation, Comedy, Romance",7.3,20.0,5
tt7363336,Nothing Like a Dame,2018.0,GB,en,Documentary,7.4,3117.0,8
tt13678478,Lost and Spaced,2020.0,GB,en,Comedy,7.8,24.0,7
tt1045772,I Love You Phillip Morris,2009.0,FR,en,"Biography, Comedy, Crime, Drama, Romance",6.6,100956.0,8
tt11895902,Sang froid,2020.0,BE,fr,Drama,7.4,8.0,2
tt2130320,We Have to Do Something,2011.0,GB,,"Animation, War",7.0,11.0,2
tt0028966,Gueule d'amour,1937.0,FR,fr,"Drama, Romance, War",7.3,794.0,8
tt17799796,A Taste of Whale,2022.0,FR,en,Documentary,7.1,48.0,6
tt5427450,Mali Blues,2016.0,DE,fr,"Documentary, Music",7.2,124.0,7
tt0951379,Rejoice,2004.0,PL,en,Documentary,8.0,11.0,4
tt1499660,Hugo en Afrique,2009.0,CH,fr,Documentary,7.2,22.0,3
tt0018819,Decameron Nights,1924.0,GB,zxx,"Drama, Romance",8.0,14.0,3
tt0044977,Nous sommes tous des assassins,1952.0,FR,fr,"Crime, Drama",7.2,419.0,7
tt0113247,La haine,1995.0,FR,fr,"Crime, Drama",8.1,205537.0,9
tt0479377,Dragues,1978.0,FR,fr,Adult,7.0,8.0,2
tt0114295,Rome désolée,1995.0,FR,fr,,7.5,32.0,4
tt0123818,Eldorado,1921.0,FR,zxx,Drama,7.1,501.0,6
tt1667146,Voices of the Andes,2009.0,FR,es,"Documentary, History",7.3,25.0,5
tt0112938,Ekmek Parasi - Geld fürs Brot,1994.0,DE,de,Documentary,7.7,19.0,4
tt17079116,Diary of a Bride of Christ,2022.0,UA,uk,Documentary,7.3,16.0,4
tt1093812,Callas assoluta,2007.0,FR,fr,"Documentary, Music",7.5,103.0,7
tt14147174,Zwei ist eine gute Zahl,2021.0,DE,de,Drama,7.1,28.0,4
tt2202104,Cielo e sabbia,2012.0,IT,it,"Documentary, Biography, History",8.5,11.0,3
tt0217280,"Berlin, Bahnhof Friedrichstraße, 1990",1991.0,DE,de,Documentary,8.4,6.0,4
tt3907210,Amori e metamorfosi,2014.0,IT,it,"Drama, Romance",9.0,17.0,6
tt5139182,MonaLisa Story,2015.0,DK,sv,"Documentary, Drama",7.1,59.0,6
tt1992156,Il futuro,2013.0,IT,it,Drama,5.9,1168.0,7
tt1723793,Gabriel,2011.0,HR,hr,"Documentary, Biography, History, Romance",8.1,20.0,4
tt2960530,Kim,2015.0,SE,sv,Drama,7.0,22.0,4
tt8539876,Faraway Land,2018.0,ES,en,Documentary,7.8,13.0,4
tt4088268,Flaskepost fra P,2016.0,DK,da,"Crime, Drama, Mystery, Thriller",7.0,23117.0,5
tt3809010,Au bord du monde,2013.0,FR,fr,"Documentary, News",7.7,124.0,6
tt15942380,Digital Asylum,2022.0,BG,bg,"Drama, Thriller",7.2,8.0,3
tt9879682,Chef's Diaries: Scotland,2019.0,GB,ca,Documentary,7.7,22.0,5
tt3432304,Schwarzkopf BRD: Martin Luther King in Berlin!,2014.0,DE,de,"Documentary, Drama, History, News",7.8,7.0,5
tt15048868,"Liverpool Català: boira, sants & rock'n'roll",2021.0,ES,es,Documentary,8.2,9.0,3
tt21622742,Mariupol: Unlost Hope,2022.0,UA,uk,"Documentary, History, War",7.9,204.0,6
tt0037299,Sophienlund,1943.0,DE,de,Comedy,7.6,26.0,4
tt0056846,La baie des anges,1963.0,FR,fr,"Drama, Romance",7.2,4355.0,10
tt1872225,Water Makes Money,2010.0,DE,fr,"Documentary, News",7.8,47.0,6
tt0074123,L'alpagueur,1976.0,FR,fr,"Action, Crime, Thriller",6.5,2571.0,9
tt0120527,"Wittstock, Wittstock",1997.0,DE,de,Documentary,7.9,33.0,5
tt0013880,Bonnie Prince Charlie,1923.0,GB,zxx,"Biography, Drama, History",7.0,8.0,2
tt22778746,A Way to B,2022.0,NL,,Documentary,7.5,11.0,4
tt4503920,Prison System 4614,2015.0,DE,de,"Documentary, Biography",7.0,21.0,4
tt0410420,Paradise now - Journal d'une femme en crise,2004.0,FR,ar,Documentary,8.2,11.0,3
tt5354986,Dubina dva,2016.0,RS,sr,"Documentary, Drama, History, Thriller, War",7.7,195.0,6
tt6512898,Armastus,2017.0,EE,et,Documentary,7.1,27.0,3
tt0183595,The Old Place,2000.0,FR,fr,Documentary,7.1,238.0,6
tt0067889,Twarz aniola,1971.0,PL,pl,"Drama, War",7.0,23.0,5
tt2055586,Almost Married,2011.0,IT,it,"Documentary, Comedy, Drama, Romance",8.3,8.0,4
tt0104220,Face of Our Fear,1992.0,GB,en,"Documentary, Crime, Drama",7.6,14.0,4
tt6562252,Suicide Service,2017.0,NO,no,Drama,7.5,52.0,8
tt0483206,Il vento fa il suo giro,2005.0,IT,it,Drama,7.4,781.0,7
tt1655446,The Miners' Hymns,2010.0,GB,en,"Documentary, Drama",7.3,120.0,7
tt5613914,Dazed in Doon,2010.0,GB,hi,Drama,7.9,22.0,5
tt12887784,Chef Antonio's Recipes for Revolution,2021.0,IT,it,Documentary,7.6,19.0,4
tt8070038,Adam's Passion,2015.0,EE,ru,Music,7.4,14.0,4
tt4072418,Respectable: The Mary Millington Story,2016.0,GB,en,"Documentary, Biography",6.8,432.0,7
tt4110078,Non so perché ti odio,2014.0,IT,it,Documentary,7.4,14.0,3
tt2007453,Sailor,2010.0,PL,pl,,7.6,26.0,4
tt1605717,Frank,2014.0,IE,en,"Comedy, Drama, Music",6.9,83096.0,8
tt1334329,Rumore bianco,2008.0,IT,it,Documentary,7.2,19.0,3
tt0255192,La Gioconda está triste,1977.0,ES,es,"Drama, Fantasy",7.4,53.0,6
tt2869006,East Punk Memories,2012.0,FR,en,"Documentary, History, Music, War",7.6,61.0,7
tt3508720,The Big Melt: How Steel Made Us Hard,2013.0,GB,en,Documentary,7.0,31.0,6
tt3638598,Ciutat morta,2014.0,ES,ca,Documentary,7.6,380.0,6
tt0289494,Sto ypsos tis haramadas,1992.0,GR,el,,7.8,7.0,4
tt2870648,Amy,2015.0,GB,en,"Documentary, Biography, Music",7.8,56485.0,8
tt8962730,Battle for the Bulge,1969.0,GB,en,"Documentary, History, War",7.0,23.0,6
tt3651830,Immunity,2014.0,BG,bg,Thriller,7.4,28.0,4
tt13167512,EVE,2021.0,DE,de,"Adventure, Drama, Sci-Fi",7.4,9.0,4
tt0009720,Les travailleurs de la mer,1918.0,FR,zxx,,7.4,16.0,3
tt5377278,Rudolf Thome - Überall Blumen,2016.0,DE,de,"Documentary, Biography",7.7,26.0,5
tt2476750,Banaz: A Love Story,2012.0,NO,en,"Documentary, Biography, Crime, Drama",8.2,251.0,6
tt0099682,"Good News: Von Kolporteuren, toten Hunden und anderen Wienern",1990.0,AT,de,Documentary,7.5,159.0,6
tt6185846,Wind River,2017.0,GB,en,"Crime, Drama, Mystery, Thriller, Western",7.7,285881.0,7
tt0142088,L'Arlésienne,1922.0,FR,zxx,Drama,7.4,12.0,3
tt0496163,La serva padrona,1964.0,IT,it,"Comedy, Music",8.4,10.0,3
tt4423990,Una vespa mi ha punto,2015.0,IT,it,Documentary,7.5,14.0,4
tt0029871,Anna Favetti,1938.0,DE,de,Romance,7.9,14.0,2
tt27560596,In diesem Jahr: Der Film,2023.0,DE,de,Documentary,8.7,32.0,4
tt0230808,Sta dihtya tou tromou,1975.0,GR,el,"Action, Drama, Thriller",7.1,17.0,3
tt2554192,Annamaura,2012.0,IT,it,Action,7.6,11.0,2
tt0276982,Gibelta na Aleksander Veliki,1968.0,BG,bg,Drama,7.0,14.0,2
tt4953352,"Alfredo Bini, ospite inatteso",2015.0,IT,it,"Documentary, Biography",7.6,14.0,4
tt3314488,One Minute for Conductors,2013.0,ES,ja,"Documentary, Music",7.8,14.0,4
tt13675768,"Sur les traces de Nils Holgersson: Selma Lagerlöf, une conteuse moderne",2020.0,DE,fr,"Documentary, Biography",7.7,9.0,2
tt0132276,Lebende Buddhas,1925.0,DE,zxx,,8.0,26.0,5
tt0034859,Der Hochtourist,1942.0,DE,de,Comedy,7.2,7.0,3
tt3328414,A Brush Soaked in Carmine,2016.0,GB,bg,"Documentary, Crime",8.9,11.0,4
tt6478182,Conversation with a Cactus,2017.0,DE,ja,Documentary,8.2,27.0,5
tt1529307,Melancholia,2011.0,DK,en,"Drama, Sci-Fi",7.1,198441.0,9
tt3263874,First to Fall,2014.0,GB,en,"Documentary, Action, Adventure, Drama, News, War",7.7,45.0,6
tt0032994,Ein Robinson,1940.0,DE,de,"Adventure, Drama",7.7,18.0,4
tt14178564,Galaksija - racunar koji je odbio da umre!,2021.0,RS,sr,Documentary,8.7,21.0,5
tt10581972,The Big Meeting,2019.0,GB,en,Documentary,7.6,14.0,4
tt9692876,Silver Lands. The Chronicles of Carpatho-Ukraine 1919-1939,2012.0,UA,uk,Documentary,9.1,25.0,4
tt1895466,Loverboy,2011.0,RO,ro,"Drama, Thriller",6.0,1917.0,9
tt0116081,Des nouvelles du bon Dieu,1996.0,FR,fr,Comedy,7.1,512.0,6
tt0071381,Céline et Julie vont en bateau: Phantom Ladies Over Paris,1974.0,FR,fr,"Comedy, Drama, Fantasy, Mystery",7.2,6594.0,10
tt1525344,Duburys,2009.0,LT,lt,Drama,7.5,263.0,7
tt6576588,Nous sommes l'humanité,2017.0,FR,,Documentary,8.5,11.0,5
tt0498688,Kalyi - Zeit der Finsternis,1993.0,DE,de,Drama,7.4,20.0,5
tt0297833,Le cinéma des cahiers,2001.0,FR,fr,Documentary,7.4,19.0,4
tt3685888,Spartacus & Cassandra,2014.0,FR,fr,Documentary,7.1,115.0,7
tt16025108,Bella Ciao,2021.0,IT,it,"Documentary, Music",7.0,8.0,3
tt1611965,Palestrina - Princeps musicae,2009.0,DE,it,Biography,7.0,11.0,4
tt7073634,Hirviökoneet,2015.0,FI,fi,"Action, Sci-Fi",8.0,10.0,3
tt2849160,Encierro 3D: Bull Running in Pamplona,2012.0,ES,es,"Documentary, Adventure, History",7.3,98.0,7
tt0045018,La peccatrice dell'isola,1954.0,IT,it,Drama,7.0,11.0,5
tt1271989,Togo,2008.0,CH,fr,Documentary,7.0,15.0,2
tt2023420,Carte Blanche,2011.0,CH,fr,Documentary,7.5,19.0,6
tt10436880,I ondskans välde,2019.0,SE,sv,Horror,7.0,12.0,3
tt0131702,Der Absturz,1923.0,DE,zxx,,7.1,33.0,5
tt0466534,Chasing Shadows,1991.0,GB,en,"Documentary, Biography, History, War",8.0,11.0,3
tt0497018,Ayurveda: Moeder van alle geneeswijzen,2005.0,NL,nl,Documentary,7.9,12.0,3
tt0133016,Hän varasti elämän,1962.0,FI,fi,"Comedy, Crime, Drama, Thriller",7.2,164.0,6
tt0109584,Zalazak stoljeca (Testament L.Z.),1994.0,AT,,"Documentary, History, War",8.3,102.0,7
tt15117768,La macchina delle immagini di Alfredo C.,2021.0,IT,it,"Drama, War",7.2,28.0,5
tt11126590,The Island of Corpses,2019.0,PT,pt,"Action, Horror, Thriller",7.8,28.0,4
tt0103070,Thank You and Good Night,1991.0,GB,en,Documentary,7.8,112.0,7
tt12452976,Zemanlandia,2009.0,IT,it,Documentary,7.2,13.0,4
tt0162941,Echos aus einem düsteren Reich,1990.0,FR,fr,Documentary,7.2,752.0,7
tt6903216,The Latin Kings,2004.0,SE,sv,Music,7.4,13.0,3
tt9869942,"Hugo Blanco, Deep River",2019.0,AT,es,"Documentary, Biography, History",7.2,17.0,4
tt5738664,"Édes Erdély, itt voltunk",2015.0,RO,hu,Documentary,9.2,24.0,4
tt2151402,Syrsor & Cigaretter,2012.0,SE,sv,"Documentary, Music",7.8,10.0,4
tt0342342,"Es wäre gut, daß ein Mensch würde umbracht für das Volk",1991.0,DE,de,Musical,7.6,14.0,4
tt0046149,Les orgueilleux,1953.0,FR,fr,"Drama, Romance",7.2,923.0,7
tt3779844,The Open,2015.0,FR,fr,"Drama, Sci-Fi, Sport",7.2,104.0,6
tt5645422,Sanfelices,2017.0,ES,es,Drama,7.4,10.0,3
tt0075243,Son nom de Venise dans Calcutta désert,1976.0,FR,fr,Drama,7.3,186.0,6
tt1053919,Six Reels of Film to Be Shown in Any Order,1971.0,GB,en,Drama,8.4,12.0,5
tt0055753,Gli anni ruggenti,1962.0,IT,it,Comedy,7.4,492.0,6
tt8544372,Senza Distanza,2018.0,IT,it,"Comedy, Drama",7.3,27.0,4
tt0401710,Paraiso,2003.0,DE,es,Documentary,8.5,27.0,4
tt0488208,Síðasti bærinn í dalnum,1950.0,IS,is,"Drama, Family, Fantasy",7.3,23.0,4
tt0208726,La beauté du monde,1999.0,FR,fr,Comedy,7.5,17.0,4
tt7226936,Hänsel und Gretel,2015.0,AT,de,"Family, Fantasy, Musical",7.0,6.0,3
tt0123013,Clandestins,1997.0,CH,fr,Drama,7.1,141.0,6
tt4551794,All the Precious Things,2015.0,IT,it,"Comedy, Crime, Thriller",7.7,14.0,3
tt0414852,Banlieue 13,2004.0,FR,fr,"Action, Crime, Sci-Fi, Thriller",7.1,74951.0,7
tt0441853,Delitto sul Po,2001.0,IT,it,Crime,7.3,27.0,5
tt3619906,Drunken Butterflies,2014.0,GB,en,"Action, Comedy, Drama, Romance",7.4,7.0,4
tt0204385,Les hommes sans peur,1942.0,FR,fr,,7.0,11.0,4
tt9582202,Hvor man vender tilbake,2019.0,NO,no,Documentary,7.0,17.0,4
tt0454645,Les vacances de Noël,2005.0,BE,fr,Romance,7.2,23.0,3
tt5119320,Porto,2016.0,PT,en,"Drama, Romance",6.0,2310.0,6
tt13075396,Le Jardin des âges,1982.0,FR,fr,,7.3,11.0,6
tt0431839,Isältä pojalle,2004.0,FI,fi,Documentary,7.0,108.0,7
tt1935209,Quem Vai à Guerra,2011.0,PT,pt,"Documentary, Biography, History, War",8.0,29.0,5
tt0290673,Irréversible,2002.0,FR,fr,"Crime, Drama, Mystery, Thriller",7.3,151970.0,9
tt3894774,Mi chiamava Valerio,2014.0,IT,it,"Drama, History, Sport",7.9,16.0,3
tt6238198,The Passing Years,2016.0,NL,nl,Documentary,7.7,14.0,4
tt3945422,Praunheim Memoires,2014.0,DE,de,Documentary,7.4,16.0,4
tt6280910,Aires Mateus: Matéria em Avesso,2017.0,PT,pt,Documentary,8.2,24.0,3
tt0413421,Die kleine Veronika,1929.0,AT,zxx,Romance,7.0,29.0,4
tt1346294,Once Upon a Time in Norway,2007.0,NO,no,"Documentary, Music",7.1,912.0,6
tt5992578,Zen for Nothing,2016.0,CH,en,Documentary,7.0,113.0,6
tt5143810,[Nothing] about Love,2022.0,RO,ro,Drama,7.5,17.0,4
tt2816568,Pierre Rabhi au nom de la terre,2013.0,FR,fr,Documentary,7.6,21.0,4
tt3836486,El círculo de Raynard,2014.0,ES,es,"Fantasy, Mystery, Thriller",7.4,17.0,3
tt14686256,Birds of America,2021.0,FR,fr,Documentary,7.3,51.0,7
tt4478062,Banana Pancakes and the Children of Sticky Rice,2015.0,NL,lo,"Documentary, Adventure, Drama",7.1,135.0,9
tt1183930,Diagnosis Superstar,2011.0,GB,en,"Comedy, Drama",7.2,18.0,4
tt0266624,Das Himmler Projekt,2000.0,DE,de,Documentary,8.5,135.0,7
tt0460480,Juventude em Marcha,2006.0,PT,kea,Drama,6.9,1808.0,9
tt5861350,Fame,2017.0,FR,it,Documentary,8.1,21.0,4
tt2575382,Si-o-se Pol,2013.0,DE,de,Drama,7.3,86.0,7
tt1815799,Les bien-aimés,2011.0,FR,fr,"Comedy, Drama, Musical, Romance",6.1,2609.0,9
tt4795132,Dietro gli occhiali bianchi,2015.0,IT,it,"Documentary, Biography",7.1,260.0,7
tt0497646,"Nou, dat was het dan!",2005.0,NL,nl,Documentary,7.3,989.0,6
tt27157747,The House That Stood,2023.0,GB,de,"Drama, History",9.7,56.0,6
tt1322401,To vouno brosta,2008.0,GR,el,Drama,7.2,29.0,4
tt27811483,Les Guerres de Christine S.,2023.0,FR,fr,Documentary,7.6,8.0,4
tt10949122,El Houb,2022.0,NL,ar,Drama,7.0,575.0,6
tt1270846,Rule of Law: Justiz im Kosovo,2006.0,AT,en,"Documentary, War",7.9,17.0,5
tt0097685,Krieg in Wien,1989.0,AT,de,Documentary,7.6,24.0,4
tt0354170,La vie sans Vincent,2001.0,FR,fr,"Drama, Romance",9.0,13.0,4
tt2807024,Devet polozaja samoce,2014.0,BA,bs,Drama,7.2,24.0,7
tt5461220,S & M: Les Sadiques,2016.0,DE,de,Drama,7.8,27.0,5
tt0140894,"Chile, la memoria obstinada",1997.0,FR,es,Documentary,7.8,380.0,8
tt1808666,What Have You Done Today Mervyn Day?,2005.0,GB,en,Documentary,7.0,48.0,6
tt4500584,Dotkniecie aniola,2015.0,DE,pl,Documentary,8.3,66.0,7
tt3576388,"Private Revolutions: Young, Female, Egyptian",2014.0,AT,ar,"Documentary, Drama, History, News",8.3,21.0,5
tt0108276,T' Aves Bachtalo,1994.0,NL,,Documentary,8.1,8.0,3
tt0432938,Man in de war,1984.0,NL,nl,Comedy,7.7,11.0,2
tt0221911,Deutsche Polizisten: Viele Kulturen - Eine Truppe,2004.0,DE,de,Documentary,8.3,27.0,5
tt6779028,Taurins Senior,2023.0,AT,lv,"Comedy, Drama",7.2,13.0,1
tt0170233,Meddig él az ember? I-II,1968.0,HU,hu,Documentary,8.3,12.0,4
tt0266612,Harakiri,2000.0,NL,nl,,7.8,7.0,5
tt1077237,Cosmonaut Polyakov,2007.0,DE,ru,Documentary,7.6,11.0,4
tt11566030,Le goût du secret,2019.0,FR,fr,Documentary,7.2,6.0,3
tt0254983,Balamos,1982.0,GR,el,"Adventure, Drama, Fantasy",7.3,85.0,6
tt6445412,Eclosión y evolución del fanzine de genero en España,2013.0,ES,es,Documentary,9.5,23.0,3
tt0024710,La tête d'un homme,1933.0,FR,fr,"Crime, Mystery, Thriller",7.1,718.0,9
tt0216339,Vermisat,1974.0,IT,it,Drama,7.3,24.0,4
tt3588212,"Wenn es blendet, öffne die Augen",2014.0,AT,ru,"Documentary, Romance",8.3,12.0,4
tt0205932,La fille aux yeux gris,1945.0,FR,fr,Drama,7.3,17.0,3
tt3734636,Making It,2015.0,GB,en,"Comedy, Drama",7.1,21.0,4
tt1419560,Trip,2009.0,RO,ro,Drama,7.2,50.0,7
tt28662969,Dottern bakom järnridån,2022.0,SE,sv,Documentary,9.1,17.0,6
tt0183710,Rien que les heures,1926.0,FR,zxx,Documentary,7.1,601.0,6
tt0086466,La tragédie de Carmen,1983.0,FR,fr,"Drama, Musical",7.6,62.0,7
tt4597642,Gente que vive fuera,2014.0,ES,es,Documentary,7.2,7.0,3
tt0113158,Georgia,1995.0,FR,en,"Drama, Music",6.5,3389.0,7
tt2325645,Dom Zauvijek,2012.0,GB,hr,"Documentary, History, War",7.9,25.0,5
tt0290841,Sauvage innocence,2001.0,FR,fr,"Comedy, Drama",7.0,543.0,7
tt9426482,La mia amica geniale,2018.0,IT,it,Documentary,8.0,481.0,6
tt3576386,I am Chut Wutty,2015.0,GB,km,"Documentary, Animation, Biography",7.7,14.0,4
tt0090210,Trous de mémoire,1985.0,FR,fr,Drama,7.1,25.0,5
tt0015352,Ein Sommernachtstraum,1925.0,DE,zxx,Fantasy,7.3,11.0,4
tt8550274,Medronho Todos Os Dias (Unedo Omnes Dies),2017.0,PT,pt,Documentary,8.4,13.0,3
tt0006108,Strejken,1914.0,SE,zxx,Drama,7.9,12.0,6
tt22046126,Lars Eidinger - Sein oder nicht sein,2022.0,DE,de,Documentary,7.4,99.0,6
tt6543652,Zimna wojna,2018.0,PL,pl,"Drama, Music, Romance",7.5,63093.0,11
tt0259166,80 grader aust for Birdland,2000.0,NO,no,"Drama, Music",7.0,23.0,4
tt0069705,Un Amleto di meno,1973.0,IT,it,Drama,7.1,198.0,6
tt2463808,Quod erat demonstrandum,2013.0,RO,ro,"Drama, Thriller",7.3,398.0,6
tt11158930,5 Minute,2019.0,RO,ro,Drama,7.3,577.0,7
tt1080597,"Dos patrias, Cuba y la noche",2007.0,DE,es,Documentary,8.3,32.0,5
tt11253292,Ostatni ludzie Czarnobyla 2,2019.0,PL,uk,Documentary,9.1,19.0,4
tt2825762,Lotte Reiniger - Tanz der Schatten,2012.0,DE,de,"Documentary, Animation, Biography, History",7.2,18.0,3
tt0240982,Tiszavirág,1939.0,HU,hu,Romance,7.6,10.0,3
tt18228744,Taliban Land,2022.0,DK,da,Documentary,7.6,20.0,4
tt8439780,Divino inferno: Et Rodin créa la Porte de l'Enfer,2017.0,FR,fr,Documentary,8.2,32.0,4
tt6638846,Marikas Missio,2017.0,DE,de,Documentary,7.5,8.0,4
tt4540384,A Fábrica de Nada,2017.0,PT,pt,"Drama, Musical",7.1,936.0,6
tt4176820,"EU 013, l'Ultima Frontiera",2014.0,IT,it,Documentary,7.0,5.0,7
tt0804365,Südostpassage,2002.0,DE,de,Documentary,7.5,12.0,4
tt6434272,"Transformacja cz. 1 - NEP, TRUST i gluchoniemi slepcy",2012.0,PL,pl,Documentary,8.0,27.0,4
tt0197493,Frühlingserwachen,1929.0,DE,zxx,Drama,7.5,24.0,3
tt6437958,La máquina del tiempo del cine aragonés,2016.0,ES,es,Documentary,9.4,25.0,6
tt4250080,Inside Piano,2013.0,FR,it,Documentary,9.1,10.0,3
tt8094890,Donzela Guerreira,2019.0,PT,pt,Drama,7.6,18.0,3
tt4965258,Le Pan prima della Pan,2015.0,IT,it,"Biography, History",8.2,9.0,2
tt21340012,Yunaci rocka,2022.0,HR,hr,Comedy,7.9,22.0,5
tt0033217,Verwandte sind auch Menschen,1940.0,DE,de,,7.2,7.0,3
tt0061084,Oi voskoi,1967.0,GR,el,"Comedy, Drama",7.6,482.0,6
tt6847636,Food 3.0,2017.0,FR,fr,Documentary,7.4,26.0,3
tt7184174,Quelques jours ensemble,2014.0,FR,fr,"Documentary, Adventure",7.6,6.0,3
tt10656198,Menese,2019.0,ES,es,Documentary,7.6,9.0,4
tt4445262,Mig og min far - hvem fanden gider klappe?,2014.0,DK,da,"Documentary, Drama",7.7,31.0,4
tt0080347,De plaats van de vreemdeling,1979.0,NL,nl,Documentary,7.4,34.0,6
tt18450764,Se mig som jeg er,2022.0,DK,da,Documentary,7.8,5.0,2
tt3377380,The Wonderful World of Bill Maynard,2013.0,GB,fr,Biography,8.8,15.0,2
tt0129327,A Póvoa de Varzim,1942.0,PT,pt,Documentary,7.2,6.0,3
tt0101558,Celibidache,1992.0,DE,de,"Documentary, Music",8.5,29.0,3
tt0030332,Konzert in Tirol,1938.0,AT,de,"Music, Romance",7.4,11.0,3
tt2599916,Sukupolvi,2011.0,FI,fi,Documentary,7.4,8.0,5
tt0289392,Pinkel,1982.0,NL,nl,"Documentary, Drama",7.0,84.0,7
tt11341770,Once Upon a Time in the City on the Stone,2019.0,UA,uk,"Comedy, Crime",9.0,12.0,4
tt14064740,Tasty,2024.0,LT,lt,Comedy,8.3,29.0,5
tt0115861,Chamane,1996.0,FR,ru,Adventure,7.1,304.0,6
tt0207145,Tant qu'on a la santé,1966.0,FR,fr,Comedy,7.1,886.0,7
tt1131593,Juvenile Liaison 2,1990.0,GB,en,Documentary,7.1,58.0,6
tt3723630,Halbmondwahrheiten,2014.0,DE,de,Documentary,7.5,8.0,3
tt0130207,The Rocket Bus,1929.0,FR,fr,"Comedy, Fantasy",7.0,15.0,2
tt9057934,Art & Mind,2019.0,GB,en,Documentary,7.4,73.0,6
tt0274056,Roald Amundsen,1954.0,NO,no,"Documentary, Biography",7.4,6.0,3
tt29639086,The Male Gaze: A Better Tomorrow,2023.0,GR,eu,Drama,7.6,17.0,5
tt32086034,Vingt dieux,2024.0,FR,fr,"Comedy, Drama",7.1,362.0,9
tt3262780,"Roque Dalton, fusilemos la noche!",2013.0,AT,es,"Documentary, Biography, History",7.7,22.0,8
tt0195057,"Menschen, die vorüberziehen",1942.0,CH,de,Drama,7.2,27.0,5
tt6128082,Chamber Music Wonderland,2017.0,AT,de,Documentary,9.2,12.0,2
tt0197516,"Girotondo, giro attorno al mondo",1999.0,IT,it,Drama,7.5,41.0,8
tt4204006,Uma Montanha do Tamanho do Homem,2014.0,PT,pt,Documentary,8.2,25.0,6
tt0442849,Tissit & Tango,1994.0,FI,fi,Documentary,7.4,11.0,4
tt0121407,Iratan e Iracema,1987.0,PT,,"Family, Fantasy",7.2,15.0,3
tt0127289,Sixth Happiness,1997.0,GB,en,Drama,7.1,149.0,7
tt0422349,Marele jaf comunist,2004.0,RO,ro,Documentary,7.0,496.0,7
tt0043972,The River,1951.0,FR,en,"Drama, Romance",7.4,7040.0,9
tt4944696,Colisión,2016.0,ES,es,"Comedy, Drama",7.6,6.0,4
tt10394738,I Am Greta,2020.0,SE,en,"Documentary, Biography",7.5,8440.0,8
tt0018189,Das Mädchen mit den fünf Nullen,1927.0,DE,zxx,Comedy,7.3,20.0,3
tt1070345,ICH WILL DICH - Begegnungen mit Hilde Domin,2007.0,DE,de,Documentary,8.4,28.0,5
tt5579350,Courts mais Gay: Tome 1,2001.0,FR,fr,"Comedy, Drama",8.6,9.0,2
tt11605190,Saumialuk. Le grand gaucher,1990.0,FR,iu,Documentary,7.5,12.0,4
tt7106506,Murer: Anatomie eines Prozesses,2018.0,AT,de,"Drama, History",7.0,733.0,6
tt6768578,Dogman,2018.0,IT,it,"Crime, Drama, Thriller",7.2,30554.0,10
tt0434221,Le nabab,1913.0,FR,zxx,,7.0,8.0,2
tt0094777,La Bohème,1988.0,FR,it,"Drama, Musical, Romance",7.1,109.0,6
tt8752420,Relatos de Eleria: El Viaje de Gawain,2018.0,ES,es,"Adventure, Drama, Fantasy",7.9,18.0,4
tt12622578,Urbex,2024.0,GB,fr,"Drama, Thriller",8.5,6.0,2
tt25436002,Sound the Alarm,2022.0,NO,no,Documentary,7.1,23.0,3
tt1500140,Brecha,2009.0,ES,es,Drama,7.0,283.0,6
tt3102300,Flore,2014.0,FR,fr,"Documentary, Biography, Drama, Family",7.7,24.0,4
tt7549876,Der unsichtbare Film,2017.0,DE,de,Comedy,8.1,11.0,3
tt0062285,Soleil Ô,1970.0,FR,fr,Drama,7.3,898.0,9
tt4089364,My world is upside down,2016.0,MK,sl,"Documentary, Music",7.3,30.0,5
tt0192365,Nijinsky: Unfinished Project,1970.0,GB,en,"Biography, Drama",7.2,23.0,5
tt4345668,Höggið,2014.0,IS,is,Documentary,8.4,18.0,3
tt2851756,"Comediants, amb el sol a la maleta",2013.0,ES,ca,Documentary,8.5,9.0,4
tt6966120,Knaster,2017.0,SE,sv,Drama,7.1,11.0,3
tt14812784,A Night of Knowing Nothing,2021.0,FR,hi,Documentary,7.2,570.0,7
tt0064169,Le clan des Siciliens,1969.0,FR,it,"Crime, Drama",7.4,9673.0,10
tt0040093,Das andere Leben,1948.0,AT,de,Drama,7.1,13.0,3
tt2536602,Emboscats. Memòria d'una geografia secreta,2012.0,ES,ca,Documentary,8.8,6.0,2
tt3150876,"Tarr Béla, I Used to Be a Filmmaker",2013.0,FR,hu,Documentary,7.1,242.0,6
tt5098050,Die Verlorenen,2015.0,DE,de,"Drama, History",7.4,7.0,4
tt0132489,Die Sache mit Styx,1942.0,DE,de,"Comedy, Crime, Romance",7.3,26.0,3
tt2642482,'Så fruktansvärt onödigt' - känslor och tankar kring barn och olyckor,1979.0,SE,sv,Documentary,7.0,10.0,3
tt5229764,Råggywood: Vi ska bli rappare,2015.0,SE,sv,Comedy,7.2,37.0,6
tt6602426,WildMed. El último bosque mediterráneo,2014.0,ES,es,Documentary,7.4,9.0,5
tt0141956,Viata învinge,1951.0,RO,ro,Drama,7.3,13.0,3
tt4084272,Kampen om Hardanger,2014.0,NO,no,Documentary,7.8,8.0,3
tt6509942,Dasein,2017.0,DE,de,Drama,8.2,13.0,3
tt0846989,"Je ne voyage pas, je rêve",2005.0,BE,nl,Documentary,9.4,10.0,2
tt2109211,Stories from Lakka Beach,2011.0,NL,,Documentary,7.6,14.0,3
tt5988988,Stylus,2010.0,GR,el,"Crime, Drama, Thriller",8.6,11.0,3
tt0202290,La chanson de l'adieu,1934.0,DE,fr,"Drama, History, Music",7.5,13.0,3
tt11316996,A Touch of Vengeance,2022.0,GB,en,"Action, Crime, Drama",9.0,33.0,5
tt7981638,Around India with a Movie Camera,2018.0,GB,en,Documentary,7.5,45.0,6
tt14022014,Tríptico elemental de España,1996.0,ES,es,Documentary,7.8,28.0,7
tt0168935,Konsul,1989.0,PL,pl,"Action, Comedy, Crime",7.1,537.0,6
tt9143184,Tijera contra papel,2018.0,ES,es,"Documentary, Drama",8.1,12.0,6
tt32249940,Riefenstahl,2024.0,DE,de,Documentary,7.2,318.0,7
tt1542440,Dal: Yma/Nawr,2003.0,GB,cy,Documentary,7.5,18.0,2
tt4571048,Yangon Calling,2012.0,DE,de,Documentary,8.0,8.0,3
tt6574918,Dick Verdult: It Is True But Not Here,2017.0,NL,en,Documentary,8.4,21.0,5
tt0117960,El tren de las ocho,1996.0,ES,es,,7.1,19.0,3
tt1445608,D'une seule voix,2008.0,FR,fr,"Documentary, Music",7.7,15.0,3
tt4499618,Schwarzkopf BRD: Martin Luther King in Berlin!,2014.0,DE,de,"Documentary, Drama, History, News",7.8,7.0,5
tt9746500,Erde,2019.0,AT,en,Documentary,7.1,282.0,6
tt13043828,Unblock Cuba,2020.0,ES,es,Documentary,7.3,19.0,4
tt1399000,Epistrofi sti Milo,2009.0,GR,el,Documentary,9.1,17.0,2
tt0171561,Në çdo stinë,1980.0,AL,sq,"Drama, Romance",7.3,12.0,4
tt10445402,Dan Hawk Psychic Detective,2024.0,GB,,Thriller,7.6,8.0,3
tt0119958,Propellerblume,1997.0,CH,de,Comedy,7.1,18.0,4
tt8480960,Baracoa,2019.0,CH,es,"Documentary, Drama",7.3,26.0,5
tt15206424,Auf dem Weg - Wenn Begegnungen verändern,2021.0,DE,de,"Documentary, Adventure",8.5,6.0,3
tt4800024,"Hubert de Givenchy, un destin Haute Couture",2015.0,FR,fr,Documentary,7.0,13.0,3
tt0458235,Robert Fortune: The Tea Thief,2001.0,BE,fr,Documentary,8.4,13.0,3
tt16476902,Czarnobyl: Ludzie ze stali,2022.0,PL,ru,Documentary,8.3,7.0,4
tt27720951,Flotacija,2023.0,RS,sr,Documentary,8.3,15.0,3
tt0236092,La chambre rouge,1972.0,BE,fr,Drama,7.8,17.0,4
tt5572792,Lo que vale un peine,2015.0,ES,es,Documentary,7.7,10.0,4
tt0024715,...und es leuchtet die Pußta,1933.0,DE,de,"Comedy, Drama",8.0,12.0,2
tt3613418,Ritratti di surf,2012.0,IT,it,"Documentary, Action",7.5,13.0,3
tt1970028,Stoppa Smash!,2011.0,SE,sv,"Action, Comedy, Drama",7.2,26.0,4
tt7135738,Alberto García-Alix. La línea de sombra,2017.0,ES,es,Documentary,7.6,21.0,5
tt0015801,Feu Mathias Pascal,1925.0,FR,zxx,"Comedy, Drama, Romance",7.0,455.0,6
tt7238338,Walter Pfeiffer: Chasing Beauty,2017.0,CH,de,"Documentary, Biography",7.0,10.0,4
tt1516527,Dancing with the Storms,2009.0,CH,fr,"Documentary, Adventure",9.0,8.0,3
tt9138170,Limbo,2020.0,GB,en,"Comedy, Drama",7.2,5505.0,9
tt7471026,La Biographie Inventée,2018.0,FR,es,Biography,7.0,10.0,4
tt10706602,Colectiv,2019.0,RO,ro,"Documentary, Crime",8.1,13725.0,10
tt12223020,Mujereando. El Quejío de una Diosa,2020.0,ES,es,Documentary,7.5,8.0,3
tt13774930,"Vida Comienza, Vida Termina",2021.0,CH,gsw,Drama,7.1,11.0,4
tt0297263,La loterie de la vie,1977.0,FR,,Documentary,7.7,21.0,4
tt4920450,Chris the Swiss,2018.0,CH,de,"Documentary, Animation, Biography, Drama, War",7.1,573.0,6
tt0202283,C'est quoi la vie?,1999.0,FR,fr,Drama,7.1,446.0,6
tt0064920,Il mercenario,1968.0,IT,en,"Comedy, Western",7.1,6316.0,7
tt3195776,Gelateria,2019.0,DE,,Drama,8.3,21.0,5
tt27811455,Pink for the Masses,2023.0,IT,en,Horror,7.6,16.0,4
tt15539332,Ako som sa stala partizánkou,2021.0,CZ,sk,Documentary,7.4,10.0,3
tt5687334,Le Redoutable,2017.0,FR,fr,"Biography, Comedy, Drama, Romance",6.6,6131.0,9
tt0171567,Nespokoen dom,1965.0,BG,bg,Drama,7.6,21.0,4
tt0032040,La tonta del bote,1939.0,ES,es,"Comedy, Romance",7.8,6.0,3
tt0111652,Wachtmeister Zumbühl,1994.0,CH,gsw,Drama,8.1,15.0,4
tt0074665,Iconockaut,1976.0,ES,es,,7.2,19.0,5
tt0108545,Weltmeister,1994.0,DE,de,"Drama, Romance",7.0,10.0,4
tt1706605,I sogni nel mirino,2002.0,IT,it,Documentary,7.8,15.0,4
tt1451382,Die Widerständigen. Zeugen der Weißen Rose,2008.0,DE,de,Documentary,7.8,19.0,4
tt0035753,Le corbeau,1943.0,FR,fr,"Crime, Drama, Horror, Mystery, Thriller",7.8,11295.0,10
tt1252527,Die Wahrheit über die Stasi,1992.0,DE,de,"Comedy, Drama, History, Musical, Sci-Fi",7.8,18.0,4
tt14892704,Deportation 44-46,2021.0,UA,,"Documentary, Drama, History, War",7.1,8.0,3
tt0240211,Propellerblume,1997.0,CH,de,Comedy,7.1,18.0,3
tt1381403,Die Bielefeld Verschwörung,2010.0,DE,de,"Action, Adventure, Comedy, Mystery, Thriller",7.1,73.0,6
tt0103868,Boven de bergen,1992.0,NL,nl,Drama,7.6,19.0,4
tt0021993,Im Geheimdienst,1931.0,DE,de,Drama,8.3,18.0,2
tt0366221,Ispred prve linije,2004.0,BA,qbo,,9.6,11.0,4
tt1245112,[Rec]²,2009.0,ES,es,"Horror, Thriller",6.5,80511.0,5
tt0016232,Poil de carotte,1925.0,FR,zxx,Drama,7.2,328.0,9
tt5715310,Les ronds-points de l'hiver,2016.0,FR,fr,"Crime, Thriller",7.3,16.0,4
tt3269724,Powrót Agnieszki H.,2013.0,PL,pl,"Documentary, Biography, History",7.1,32.0,4
tt12650806,Keeper,2020.0,NL,nl,Documentary,7.3,18.0,3
tt0157380,Benito Mussolini,1962.0,IT,it,"Documentary, Biography, History, War",7.0,27.0,6
tt22534924,Anna,2022.0,BG,bg,Drama,8.9,19.0,3
tt0026125,Die blonde Carmen,1935.0,DE,de,Musical,7.2,24.0,4
tt0372180,Body Limits,2002.0,FR,fr,Documentary,7.7,14.0,2
tt29432542,Unbroken stars,2023.0,RS,sr,Documentary,9.9,8.0,3
tt1045858,Kronika powstania w getcie warszawskim wg Marka Edelmana,1993.0,PL,pl,Documentary,7.8,8.0,6
tt33059008,El mètode Farrer,2024.0,ES,es,Documentary,7.9,14.0,3
tt9859814,The Cacophony of Donbas,2018.0,UA,uk,Documentary,7.3,41.0,6
tt0025388,Die Liebe und die erste Eisenbahn,1934.0,DE,de,,7.0,14.0,2
tt0382697,La fille mal gardée,1981.0,GB,zxx,,7.9,18.0,2
tt6722976,The Elephant Queen,2018.0,GB,en,"Documentary, Family",7.8,2407.0,7
tt27503466,Qingchun,2023.0,FR,zh,Documentary,7.1,392.0,6
tt6601218,Geschlossene Gesellschaft - Missbrauch an der Odenwaldschule,2014.0,DE,de,Documentary,7.8,6.0,3
tt0032626,Ihr Privatsekretär,1940.0,DE,de,"Comedy, Crime",7.4,14.0,3
tt13359582,Radiograph of a Family,2020.0,NO,fr,"Documentary, Biography, History, Romance",7.4,301.0,7
tt0176977,Matti da slegare,1975.0,IT,it,Documentary,7.4,145.0,8
tt11952822,Mnohaya lita. Stoyko,2020.0,UA,uk,"Documentary, Biography, Family, History, War",9.1,48.0,7
tt0088264,Thriller,1984.0,AT,de,,7.4,6.0,3
tt0037833,Jolanta - den gäckande suggan,1945.0,SE,sv,Comedy,7.2,11.0,3
tt14251730,Pou sai more Nikitara,2021.0,GR,el,"Biography, Drama, History, War",7.9,21.0,4
tt7133098,Mama Colonel,2017.0,FR,ln,Documentary,7.1,84.0,9
tt0976178,Total Denial,2006.0,BG,my,Documentary,7.8,40.0,6
tt0241017,Der Unendliche Weg,1943.0,DE,de,"Biography, Drama, History",7.2,10.0,2
tt12606830,Die Ecke,2022.0,DE,de,Documentary,7.1,11.0,3
tt15329774,Mitholz,2021.0,CH,de,Documentary,7.0,10.0,2
tt1600404,Dreaming Mali,2010.0,DE,,Documentary,8.2,16.0,3
tt19048058,Samma sång - en resa till Peps Persson,2021.0,NO,sv,Documentary,7.0,17.0,3
tt1368083,Frau Mercedes,2008.0,CH,gsw,Documentary,7.8,12.0,4
tt0054745,Chronique d'un été (Paris 1960),1961.0,FR,fr,"Documentary, History",7.5,3731.0,9
tt4555790,All the Precious Things,2015.0,IT,it,"Comedy, Crime, Thriller",7.7,14.0,3
tt1527186,Melancholia,2011.0,DK,en,"Drama, Sci-Fi",7.1,199773.0,9
tt0241062,Wildvogel,1943.0,DE,de,,7.8,12.0,2
tt5564992,Juggling Berlin,2000.0,DE,de,Documentary,8.4,6.0,3
tt3750874,High-Rise,2015.0,GB,en,"Drama, Sci-Fi",5.5,45976.0,7
tt23185024,Dying to Live,2022.0,BE,nl,Documentary,8.2,12.0,2
tt1436000,Cooking History,2009.0,SK,de,Documentary,7.3,288.0,6
tt1278454,Stolperstein,2008.0,DE,en,Documentary,7.7,18.0,5
tt2166109,Sabbia e ferro,2012.0,IT,it,"Animation, History",8.0,12.0,3
tt22263934,Je'vida,2023.0,FI,qae,"Drama, History",7.5,188.0,7
tt16212270,Sarura. The future is an unknown place,2022.0,IT,ar,Documentary,7.7,12.0,2
tt2892036,Das Weiterleben der Ruth Klüger,2011.0,AT,de,Documentary,7.4,14.0,4
tt13087552,Arzak since 1897,2020.0,ES,es,Documentary,7.5,31.0,4
tt1550311,Auto*mat,2009.0,CZ,cs,Documentary,7.2,28.0,5
tt1583737,Impardonnables,2011.0,FR,fr,Drama,5.8,833.0,10
tt9170952,La moda proibita (Roberto Capucci e il futuro dell'Alta Moda),2019.0,IT,it,"Documentary, Biography",8.7,13.0,4
tt0366721,Trilogia: To livadi pou dakryzei,2004.0,GR,el,"Drama, History, Romance",7.8,5442.0,10
tt19849882,Bestie ze Zlego,2022.0,PL,pl,Documentary,7.0,10.0,4
tt0255850,Bossemans et Coppenolle,1938.0,BE,fr,Comedy,7.6,16.0,4
tt9006120,The Dawn of Kaiju Eiga,2019.0,ES,ja,"Documentary, History",8.1,24.0,4
tt5723272,Aus dem Nichts,2017.0,DE,de,"Crime, Drama, Thriller",7.1,36266.0,8
tt3721936,American Honey,2016.0,GB,en,"Adventure, Drama, Romance",7.0,47702.0,8
tt7232740,Cold Blood,2015.0,BE,fr,Fantasy,7.0,29.0,4
tt30981554,Non Solo Barzellette,2023.0,IT,it,Comedy,8.8,30.0,4
tt7205466,Light: Dritë,2017.0,AL,sq,Documentary,10.0,6.0,6
tt0103708,Apfelbäume,1992.0,DE,de,Drama,7.0,23.0,5
tt2007414,La minaccia,2008.0,IT,es,Documentary,7.4,6.0,3
tt21196398,A World to Shape,2022.0,NL,nl,Documentary,7.2,10.0,4
tt8198926,The Devil Dogs,2017.0,FR,fr,Documentary,9.1,15.0,4
tt0258607,Gazoros Serron,1974.0,GR,el,Documentary,7.6,6.0,4
tt0396184,Pusher II,2004.0,DK,da,"Action, Crime, Drama",7.3,25882.0,6
tt3743204,Majubs Reise,2013.0,DE,de,"Documentary, Biography, History",8.3,16.0,4
tt2520548,Bernard Bovet le vieil homme à la caméra,2012.0,CH,fr,Documentary,8.0,14.0,4
tt0102041,Hinter verschlossenen Türen,1991.0,CH,de,Drama,7.0,7.0,4
tt1203512,Dejiny Jaroslava Sabaty,2007.0,CZ,cs,"Documentary, History",7.8,10.0,5
tt5518386,Zimmer 202 - Peter Bichsel in Paris,2010.0,CH,de,"Documentary, Biography",8.1,17.0,3
tt0243862,Italiensk for begyndere,2000.0,DK,da,"Comedy, Drama, Romance",7.0,14070.0,11
tt4693356,Monicelli: La versione di Mario,2012.0,IT,it,Documentary,7.2,25.0,3
tt5341294,L'esercito più piccolo del mondo,2015.0,VA,it,Documentary,7.2,30.0,4
tt3296980,Herbert,2015.0,DE,de,Drama,7.1,811.0,7
tt18452942,En djevel med harpun,2022.0,NO,no,Documentary,7.0,20.0,4
tt4450930,Le Hobbit: Le Retour du Roi du Cantal,2015.0,FR,fr,Adventure,7.2,15.0,4
tt0107990,Rosenemil,1993.0,FR,de,Romance,7.6,31.0,4
tt0112654,Les cent et une nuits de Simon Cinéma,1995.0,FR,fr,"Comedy, History, Romance",6.5,1988.0,9
tt2101314,Anton Corbijn Inside Out,2012.0,NL,en,"Documentary, Biography",7.0,566.0,6
tt1371588,Trennschärfe,2009.0,DE,de,"Drama, Mystery",8.2,28.0,6
tt1696535,El Bulli: Cooking in Progress,2010.0,DE,ca,Documentary,6.3,1166.0,7
tt10370886,The Storms of Jeremy Thomas,2021.0,GB,en,Documentary,6.3,101.0,7
tt0109103,L'amico immaginario,1994.0,IT,it,Drama,7.0,25.0,5
tt0069421,Il tuo vizio è una stanza chiusa e solo io ne ho la chiave,1972.0,IT,it,"Drama, Horror, Mystery, Thriller",6.6,4910.0,6
tt15783322,Nasa brazilska prica,2014.0,BA,bs,Sport,8.8,7.0,3
tt11368628,Déjà le sang de mai ensemençait novembre,1982.0,FR,fr,Documentary,9.2,12.0,4
tt0298180,Telefoni i një mëngjesi,1987.0,AL,sq,"Drama, Family",8.1,12.0,3
tt0290394,Abel Gance: The Charm of Dynamite,1968.0,GB,fr,Documentary,7.3,82.0,7
tt13690820,Toiveiden koulu,2021.0,FI,ar,Documentary,7.8,34.0,7
tt0428275,Both Ends Burning,2004.0,NL,nl,"Drama, Horror",7.3,32.0,5
tt2395139,Annelie,2012.0,CH,de,"Comedy, Drama",7.3,33.0,5
tt33495429,Cose che accadono sulla terra,2024.0,IT,it,Documentary,7.4,14.0,3
tt1869342,Comandante Max,2011.0,IT,it,"Biography, History",8.2,8.0,3
tt1791450,Amour,2012.0,AT,fr,Drama,7.9,106732.0,8
tt2146678,Dai pulcini di Quarantotti alle comete di Visconti,2012.0,IT,it,"Animation, Biography, History",8.6,9.0,3
tt1426371,La pivellina,2009.0,IT,it,Drama,7.1,746.0,7
tt6837882,Libere,2017.0,IT,it,Documentary,7.7,11.0,4
tt10168462,In the Name of Scheherazade or the First Beergarden in Tehran,2019.0,DE,de,Documentary,7.1,31.0,5
tt0098263,Schlaflose Nächte,1988.0,CH,gsw,Drama,7.7,15.0,2
tt4333610,Sons of God: For Such a Time as This,2014.0,NL,en,Documentary,8.8,21.0,5
tt0109037,Abschied von Agnes,1994.0,DE,de,Drama,7.8,19.0,4
tt10890044,The Human Factor,2019.0,GB,en,Documentary,7.5,413.0,6
tt6084338,Seeing Voices,2016.0,AT,de,Documentary,7.4,11.0,4
tt1534834,Rock and Roll Stole My Soul,2010.0,GB,en,"Comedy, Drama, Musical",7.5,14.0,4
tt0063232,"Llaman de Jamaica, Mr. Ward",1968.0,ES,es,Crime,7.7,15.0,4
tt0159618,Oi ores: Mia tetragoni tainia,1995.0,GR,el,,7.5,39.0,7
tt1094284,Valzer,2007.0,IT,it,Drama,7.0,114.0,7
tt12411922,80 italian sexy models,2006.0,IT,it,Comedy,9.2,9.0,3
tt0096755,Torrents of Spring,1989.0,GB,en,"Drama, Romance",5.8,438.0,7
tt1110628,Gefangene des Meeres,1991.0,DE,el,Documentary,7.9,11.0,4
tt0172357,Dragus,1929.0,RO,zxx,Documentary,7.1,31.0,4
tt1197534,Poulia sto valto,2008.0,GR,el,Documentary,7.6,25.0,5
tt0032166,Zwölf Minuten nach zwölf,1939.0,DE,de,"Comedy, Crime",7.0,11.0,2
tt6226610,En attendant les hirondelles,2017.0,FR,ar,Drama,6.3,387.0,8
tt2578290,The Stuart Hall Project,2013.0,GB,en,"Documentary, Biography, History",7.2,183.0,8
tt11847556,El siglo de Galdós,2020.0,ES,es,Documentary,7.1,22.0,4
tt8227356,Kirby at War: La Guerre De Kirby,2017.0,FR,fr,Documentary,7.3,28.0,3
tt12319056,Selma - an adventure from the edge of the world,2020.0,PL,pl,"Documentary, Adventure, Biography",8.0,10.0,5
tt3627458,Buschow,2015.0,DE,de,Romance,8.8,9.0,3
tt0194523,Das weiße Stadion,1928.0,CH,de,"Documentary, Sport",7.3,224.0,7
tt4848270,Parasozial - Fiktive Detektive,2017.0,DE,de,"Comedy, Crime",7.6,8.0,4
tt11719504,L'Invitation,2022.0,LU,qav,Documentary,7.8,6.0,4
tt13848584,"Gehört, gesehen - ein Radiofilm",2019.0,AT,de,Documentary,7.0,5.0,3
tt0233480,Contretemps,1990.0,FR,fr,Documentary,7.1,18.0,4
tt1558802,KoranKinder,2009.0,DE,bn,Documentary,7.0,11.0,3
tt0042625,Justice est faite,1950.0,FR,fr,"Drama, Mystery",7.1,462.0,6
tt0186357,Michelino 1A B,1956.0,IT,it,Documentary,7.0,26.0,5
tt13583716,Irréversible,2002.0,FR,fr,"Crime, Drama, Mystery, Thriller",7.3,150433.0,8
tt20245400,Drömmen om Djenné,2023.0,SE,sv,Documentary,7.7,7.0,3
tt2285557,Les Feux Arctiques,2011.0,FI,fi,"Documentary, Biography, Drama, History",8.0,8.0,2
tt0012815,Värmlänningarna,1921.0,SE,zxx,"Drama, Romance",7.7,18.0,5
tt0238632,Strejferen II,1992.0,DK,da,Thriller,7.0,6.0,0
tt3526706,Chevalier,2015.0,GR,el,"Comedy, Drama",6.2,5053.0,7
tt0017090,Luftskibet 'Norge's flugt over polhavet,1926.0,NO,zxx,Documentary,7.1,7.0,3
tt2067027,VolaVola,2009.0,IT,it,Animation,7.4,15.0,3
tt13938246,Rouges Silences,1979.0,FR,fr,,7.8,13.0,5
tt0400733,La piel de la tierra,2004.0,ES,es,Drama,7.5,10.0,4
tt0103662,Am Rande der Welt,1992.0,AT,,Documentary,7.5,8.0,3
tt27417408,À Vol d'oiseaux,2023.0,FR,fr,"Animation, Family",7.2,21.0,5
tt8793990,Evelyn,2018.0,GB,en,Documentary,7.2,886.0,8
tt1125916,Roots Germania,2007.0,DE,de,Documentary,7.3,31.0,7
tt1178641,Berliner Reigen,2007.0,DE,de,Drama,7.5,22.0,4
tt2144660,148 Stefano: Mostri dell'inerzia,2011.0,IT,it,Documentary,7.6,13.0,5
tt0150094,Le chasseur de chez Maxim's,1927.0,FR,zxx,Drama,8.2,8.0,3
tt0379695,Amazones 2000,2000.0,FR,fr,Documentary,7.8,16.0,3
tt2400475,Tomorrow Will Be Better,2012.0,CZ,cs,Documentary,7.2,23.0,4
tt3757386,Falks grav,2014.0,SE,sv,Biography,7.5,13.0,4
tt8649148,"I, Dolours",2018.0,IE,en,Documentary,7.2,354.0,6
tt4827544,Meleg Férfiak Hideg Diktatúrák,2015.0,CZ,hu,"Documentary, Biography, Drama, History",7.2,49.0,6
tt6864734,Portolago: Fantasmata sto Aigaio,2017.0,GR,el,"Documentary, History",8.6,13.0,3
tt27543570,Dead Girls Dancing,2023.0,DE,en,Drama,5.3,188.0,7
tt0080150,Wsród nocnej ciszy,1978.0,PL,pl,"Crime, Drama, Mystery",7.3,302.0,6
tt2089733,Little Heaven,2011.0,BE,am,Documentary,8.1,17.0,5
tt2316787,Kuningas Litmanen,2012.0,FI,fi,"Documentary, Biography, Sport",7.5,788.0,6
tt20193758,Femminile Singolare,2022.0,IT,it,"Comedy, Drama",8.3,14.0,3
tt1789837,Matkalla Toven kanssa,1993.0,FI,fi,Documentary,7.3,19.0,4
tt0358676,Il ritorno di Cagliostro,2003.0,IT,it,"Comedy, Drama",7.0,391.0,6
tt0166096,Le bestiaire d'amour,1965.0,FR,fr,Documentary,7.3,10.0,2
tt0293269,Hör mit Schmerzen,2000.0,DE,de,"Documentary, Music",7.8,16.0,4
tt1185600,Improvvisamente l'inverno scorso,2008.0,IT,it,Documentary,7.2,226.0,6
tt12959488,La Terre parle arabe,2007.0,GR,ar,Documentary,8.5,9.0,3
tt4351964,Hydro,2014.0,ES,zxx,"Documentary, Animation, Adventure, Fantasy, Sci-Fi",7.7,6.0,3
tt2324384,A nagy füzet,2013.0,HU,hu,"Drama, War",7.0,3282.0,8
tt3177124,Bach en Madrid,2013.0,ES,es,"Documentary, Drama, History, Music",8.4,10.0,3
tt3659740,Waiting for August,2014.0,BE,ro,"Documentary, Drama, Family",7.1,239.0,6
tt0416218,Shantav den,2004.0,BG,bg,Drama,7.9,32.0,4
tt1646221,Periferic,2010.0,RO,ro,"Action, Drama, Thriller",6.6,910.0,8
tt1494764,Innocent Crimes,2011.0,GB,en,"Crime, Thriller",8.0,13.0,4
tt0196024,I promessi sposi,1922.0,IT,zxx,"Drama, History, Romance",7.2,24.0,5
tt0123223,Pigen fra Palls,1916.0,DK,zxx,Drama,7.4,6.0,2
tt14077794,La mif,2021.0,CH,fr,Drama,7.0,305.0,8
tt3728480,St. Pauli Zoo,2015.0,DE,de,Documentary,7.8,15.0,6
tt0376790,Ne se motay v krakata mi,1987.0,BG,bg,Drama,7.2,23.0,4
tt13098910,Fosterfamiljen,2022.0,SE,sv,Documentary,7.2,13.0,4
tt0192423,Il pane amaro,1968.0,IT,it,Documentary,7.6,8.0,3
tt0065392,Amintiri bucurestene,1970.0,RO,,Documentary,7.7,16.0,3
tt0464341,Zdroj,2005.0,CZ,cs,Documentary,8.0,21.0,5
tt0384269,Land in Sicht,1990.0,DE,de,"Drama, Romance",8.1,11.0,3
tt0102627,Els papers d'Aspern,1991.0,ES,es,Drama,7.2,27.0,4
tt0011886,Wuthering Heights,1920.0,GB,zxx,Drama,7.4,30.0,4
tt32880628,When Money Breaks: FTX,2024.0,GB,en,Documentary,9.6,10.0,4
tt0014346,Paganini,1923.0,DE,zxx,"Biography, Music",7.1,31.0,4
tt1043570,Les travestis pleurent aussi...,2007.0,FR,es,Documentary,8.4,25.0,4
tt0233386,Die Brücke,1949.0,DE,de,Drama,7.5,146.0,6
tt32086032,Le royaume,2024.0,FR,fr,"Drama, Thriller",7.0,317.0,7
tt14586728,Dolcemente Complicate,2021.0,IT,it,,7.8,7.0,4
tt0092194,Noi vivi,1942.0,IT,it,"Adventure, Drama, Romance, War",7.2,430.0,6
tt7745338,Pagine nascoste,2017.0,IT,it,Documentary,7.4,5.0,4
tt3702672,Daimonion,2016.0,DE,de,"Drama, Mystery, Thriller",7.9,12.0,3
tt0073339,"Vergine, e di nome Maria",1975.0,IT,it,"Comedy, Drama",7.5,51.0,6
tt2337893,Der Wandler,2012.0,AT,de,"Horror, Mystery, Thriller",7.9,14.0,5
tt0069215,San Michele aveva un gallo,1972.0,IT,it,"Drama, History",7.2,908.0,6
tt15296354,Dissidence,2021.0,FR,fr,Documentary,8.6,11.0,3
tt15821234,Citromsziget,2021.0,HU,hu,Documentary,9.7,13.0,3
tt1329450,Today Is Better Than Two Tomorrows,2009.0,IE,lo,Documentary,8.0,12.0,5
tt1828237,Mama Africa,2011.0,FI,en,"Documentary, Biography, Music",7.0,354.0,6
tt0290122,Abel Gance: The Charm of Dynamite,1968.0,GB,fr,Documentary,7.3,82.0,8
tt2901760,L'escale,2013.0,CH,fr,Documentary,7.3,117.0,6
tt0417228,Vanished! A Video Seance,1999.0,GB,en,Drama,7.0,9.0,3
tt0456501,Københavnerfortolkningen,2004.0,DK,da,Documentary,7.4,17.0,3
tt9431078,Causa especial 20907/2017,2018.0,ES,ca,Documentary,8.1,8.0,3
tt3908866,On the Way of Freedom,2007.0,LV,lv,Documentary,8.9,10.0,2
tt13328974,Persona (no) humana,2022.0,ES,es,"Documentary, Thriller",7.7,12.0,4
tt6314184,Another Me,2016.0,IT,it,Documentary,7.9,7.0,3
tt0022919,Friederike,1932.0,DE,de,Drama,7.6,11.0,2
tt2527640,Westenbrink,2008.0,NL,nl,"Action, Drama, Thriller",9.4,8.0,3
tt6777114,12 jours,2017.0,FR,fr,Documentary,7.1,527.0,8
tt1082592,Merica,2007.0,IT,it,Documentary,9.2,14.0,5
tt12879250,Madama Butterfly,2018.0,ES,it,Musical,8.4,5.0,2
tt1112830,Die Spieler,2007.0,DE,de,Drama,9.2,55.0,7
tt2187492,Veliki dan,2012.0,HR,hr,Documentary,8.5,17.0,3
tt0189172,"Un spécialiste, portrait d'un criminel moderne",1999.0,FR,he,Documentary,7.3,390.0,7
tt2102395,Papagordo. En casa de Raimundo Amador,2011.0,ES,es,Documentary,7.8,11.0,3
tt11455702,Adoptee 88,2019.0,LV,lv,Documentary,9.3,7.0,3
tt2560702,Ballerina,2012.0,DK,sv,"Documentary, Biography",7.8,18.0,4
tt0096292,Tous les nuages sont des horloges,1988.0,CH,fr,Drama,7.7,10.0,4
tt20872618,Zeréck,2022.0,LU,lb,Romance,7.7,10.0,5
tt1242442,Mondscheinsonate,2009.0,DE,de,"Drama, Thriller",7.0,9.0,3
tt6102966,UFE (Unfilmévénement),2016.0,FR,fr,,8.3,10.0,6
tt0435224,Nemmeno il destino,2004.0,IT,en,Drama,7.0,194.0,6
tt0100913,Werther,1990.0,SE,sv,Comedy,7.2,19.0,5
tt3480948,The Inquiry,2014.0,IE,en,History,8.0,8.0,3
tt1540133,The Guard,2011.0,GB,en,"Comedy, Crime, Thriller",7.3,97631.0,7
tt1664738,Normal,2010.0,CH,de,Documentary,8.2,8.0,3
tt10012930,Uljanenko uncensored,2021.0,UA,uk,Documentary,8.2,6.0,3
tt5170338,I Don't Belong Anywhere: Le cinéma de Chantal Akerman,2015.0,BE,fr,Documentary,7.2,216.0,6
tt0183965,Veljet,1991.0,FI,,"Documentary, Music",7.1,50.0,6
tt8339444,System Error,2018.0,DE,de,Documentary,7.0,298.0,7
tt16235102,L'exode,2020.0,FR,fr,Documentary,8.2,6.0,3
tt0368111,Oranges et pamplemousses,1997.0,FR,fr,Comedy,7.0,11.0,3
tt8091606,Na vodi,2018.0,HR,hr,Documentary,7.3,27.0,3
tt6439664,Zasto je Dragan napravio orkestar,2017.0,RS,sr,Documentary,7.6,11.0,3
tt5743588,Peter von Bagh,2016.0,FI,fi,"Documentary, Biography",7.2,38.0,6
tt11650320,My Carpathian Grandpa,2023.0,UA,uk,"Comedy, Drama, Family",7.0,164.0,6
tt1930370,"Jacques Leonard, el payo Chac",2011.0,ES,es,Documentary,7.3,12.0,3
tt0183975,Viimeinen kesä,1992.0,FI,fi,"Documentary, History, War",7.3,14.0,4
tt2069819,Justice for Sale,2011.0,NL,fr,"Documentary, Crime, Drama",7.7,22.0,6
tt11423894,Mullah's Daughter,2019.0,GB,fa,Documentary,7.7,7.0,3
tt0368728,Fodbolddrengen,2000.0,DK,da,"Documentary, Family, Sport",8.0,8.0,3
tt0247732,Die Stimme aus dem Äther,1939.0,DE,de,,8.8,15.0,3
tt5980412,Peripherie,2016.0,CH,de,Drama,7.6,29.0,3
tt1748179,Red Lights,2012.0,ES,en,"Drama, Fantasy, Mystery",6.2,67498.0,6
tt1193088,Le code a changé,2009.0,FR,fr,"Comedy, Drama",5.8,2145.0,7
tt0366934,Qui a tué Cécile Bloch?,2003.0,FR,fr,"Crime, Documentary, Thriller",7.8,9.0,2
tt0765450,Figner: The End of a Silent Century,2006.0,NL,ru,Documentary,7.4,26.0,5
tt1666321,Life Extended,2009.0,SE,sv,Documentary,7.0,15.0,3
tt0065124,Tropici,1968.0,IT,pt,Drama,7.4,21.0,8
tt4764992,The Boy Who Was a King,2011.0,BG,bg,"Documentary, Biography, History",7.5,90.0,6
tt6448852,As Mil e Uma Noites - Volume 1: O Inquieto,2015.0,PT,pt,Drama,6.9,2459.0,9
tt0236576,Paragraph 175,2000.0,GB,en,"Documentary, History, Romance, War",7.7,2228.0,8
tt1568328,Enemies of the People,2009.0,GB,en,"Documentary, Crime, History",7.7,566.0,9
tt5097070,Dancer,2016.0,GB,en,"Documentary, Biography",7.8,3240.0,6
tt21086802,Augure,2023.0,BE,fr,Drama,5.9,1010.0,8
tt9448016,Privacy of Wounds,2018.0,NO,ar,Documentary,8.4,12.0,3
tt0025304,In Wien hab' ich einmal ein Mädel geliebt,1931.0,DE,de,,7.2,7.0,2
tt2296747,"En mai, fais ce qu'il te plaît",2015.0,FR,fr,"Drama, War",6.7,1286.0,7
tt10199586,Atlantique,2019.0,FR,wo,"Drama, Fantasy, Mystery, Romance",6.7,10751.0,8
tt3433586,Tomasz Ossolinski: Before the Show,2014.0,PL,pl,"Documentary, Biography",9.0,29.0,4
tt14563506,Il ragazzo con la Leica,2021.0,IT,it,Documentary,7.5,8.0,4
tt0021127,Die Marquise von Pompadour,1931.0,DE,de,Musical,7.5,11.0,4
tt9792010,Pavyzdingas elgesys,2019.0,LT,lt,Documentary,7.5,81.0,7
tt2404803,Nr. 7,2012.0,AT,de,"Documentary, Biography, Family",8.5,13.0,4
tt10602774,Escort Boy,2019.0,FR,fr,Romance,7.9,11.0,4
tt2519412,End Credits,2013.0,BE,nl,Documentary,8.5,15.0,4
tt1175266,Le voyage sans fin,1985.0,FR,fr,,7.0,7.0,3
tt10570034,Fucilateli - Commissione d'inchiesta su Caporetto 1918 - 19,2019.0,IT,it,Documentary,7.0,7.0,4
tt0361710,L'homme des casernes,1994.0,CH,fr,Documentary,8.1,8.0,4
tt0052731,Destinazione Sanremo,1959.0,IT,it,Musical,7.0,7.0,3
tt0172453,Filmul Iasilor,1935.0,RO,,Documentary,8.4,9.0,2
tt14104764,Les prières de Delphine,2021.0,BE,fr,Documentary,7.4,56.0,8
tt0342324,Eldra,2002.0,GB,cy,Drama,7.7,28.0,4
tt3984200,Air No. 3,2014.0,DE,de,Sci-Fi,7.3,14.0,4
tt6522688,Well Fed,2017.0,NL,en,Documentary,7.9,23.0,5
tt1786375,37 mnimes,2010.0,GR,el,Drama,7.8,10.0,3
tt7705694,Cruxman,2018.0,IT,it,"Action, Comedy, Family",7.0,11.0,3
tt7573266,Zvicra,2018.0,CH,fr,Documentary,8.3,6.0,6
tt0067036,Et døgn med Ilse,1971.0,DK,da,Documentary,7.3,8.0,2
tt17675266,Cesária Évora,2022.0,PT,en,"Documentary, Biography, Music",7.4,244.0,6
tt8061420,Zie mij doen,2018.0,BE,nl,Documentary,7.0,22.0,5
tt9600550,Cecchi Gori,2019.0,IT,it,"Documentary, Biography, History",7.1,22.0,4
tt0493265,Lena: The Bride of Ice,2008.0,GB,en,Drama,7.2,26.0,4
tt31194933,Der Parkhausmord - Wer tötete Charlotte Böhringer?,2024.0,DE,de,"Documentary, Crime",8.2,33.0,5
tt1207009,Next Time Ned,2010.0,GB,en,"Comedy, Drama",8.2,14.0,4
tt18381202,The Kaiser of Atlantis,2022.0,CZ,es,Documentary,7.2,16.0,3
tt0044395,Il bandolero stanco,1952.0,IT,it,"Comedy, Western",7.3,19.0,3
tt2323100,Zvírata nejsou zbozí,2004.0,CZ,cs,Documentary,8.4,7.0,3
tt6134188,Goin' Rectal,2018.0,NL,nl,"Comedy, Music",7.9,22.0,4
tt4800016,"Gabo, la creación de Gabriel García Márquez",2015.0,ES,es,"Documentary, Biography, History",7.2,498.0,7
tt7045342,Procesul,2017.0,RO,ro,Documentary,7.0,18.0,3
tt4191180,Ma'a al-Fidda,2014.0,FR,ar,"Documentary, War",7.5,337.0,6
tt1819513,Dreams of a Life,2011.0,GB,en,"Documentary, Biography, Drama",6.8,3476.0,6
tt15439196,Film: The Living Record of Our Memory,2021.0,ES,en,Documentary,7.9,278.0,10
tt0309661,Haydushka kletva,1958.0,BG,bg,Drama,8.0,29.0,4
tt2851826,Bloody Lip,2012.0,GB,en,Comedy,7.9,18.0,4
tt3381804,Atemwege: Abseits des Selbstverständlichen,2013.0,DE,de,"Documentary, Biography",7.6,12.0,4
tt0025389,"Liebe, Tod und Teufel",1934.0,DE,de,Drama,7.0,26.0,3
tt8524146,Palace for the People,2018.0,BG,de,Documentary,7.3,82.0,6
tt4048272,Toni Erdmann,2016.0,DE,fr,"Comedy, Drama",7.3,52946.0,6
tt0257734,Grün ist die Heide,1932.0,DE,de,Musical,8.2,7.0,2
tt18245410,Spasmenos ihos,2022.0,GR,el,"Documentary, Music",8.3,23.0,5
tt27574721,Belarus 23.34,2023.0,DK,be,Documentary,7.5,9.0,5
tt6704496,Tenir la distance,2017.0,FR,fr,Documentary,7.1,8.0,6
tt3279000,Nak Muay,2013.0,LU,lb,"Documentary, Biography, Sport",7.4,6.0,3
tt1360810,"Pelléas et Mélisande, le chant des aveugles",2008.0,FR,fr,"Documentary, Music",7.9,14.0,4
tt0116922,Lost Highway,1997.0,FR,en,"Drama, Mystery, Thriller",7.6,156800.0,7
tt4741648,Le bois dont les rêves sont faits,2015.0,FR,fr,Documentary,7.2,117.0,7
tt1348997,Menschliches Versagen,2008.0,DE,de,Documentary,7.1,45.0,7
tt9266172,An den Rändern der Welt,2018.0,DE,de,Documentary,7.7,18.0,4
tt0953318,Ben X,2007.0,BE,qbn,"Drama, Thriller",7.3,19490.0,11
tt1854513,Blancanieves,2012.0,ES,es,"Drama, Fantasy",7.5,11800.0,8
tt3905048,118 dní v zajatí ladu,1998.0,SK,sk,Documentary,8.3,18.0,4
tt14651548,Heimat Natur,2021.0,DE,de,Documentary,7.6,12.0,3
tt3135356,Deckname Pirat,2014.0,DE,de,"Documentary, History",7.4,9.0,4
tt3320652,Open Access,2013.0,UA,uk,Documentary,8.0,14.0,2
tt0092772,Comrades,1986.0,GB,it,"Drama, History",7.3,953.0,9
tt0380266,"Cinquantenaire du deuxième sexe, 1949-1999",2001.0,FR,fr,Documentary,7.7,15.0,5
tt0169353,Un affare trasversale,1998.0,IT,,"Action, Adventure, Romance",7.2,21.0,4
tt0162440,Lichter aus dem Hintergrund,1998.0,DE,de,Documentary,7.1,26.0,5
tt7268460,Feed the Reapers,2023.0,DE,de,"Horror, Mystery, Thriller",7.5,16.0,3
tt3205376,Slow West,2015.0,GB,en,"Adventure, Drama, Romance, Thriller, Western",6.9,48589.0,9
tt0893513,Comrades in Dreams,2006.0,DE,ko,Documentary,7.0,148.0,8
tt0468565,Tsotsi,2005.0,GB,zu,"Crime, Drama",7.2,31848.0,9
tt1015231,Perlasca,1993.0,DE,de,"Documentary, History, War",8.0,54.0,7
tt13798790,Blu38,2021.0,IT,it,Thriller,8.2,20.0,5
tt4505450,Ukraina. Tochka otscheta,2011.0,UA,uk,"Documentary, Drama",8.8,12.0,3
tt0065919,Le jour de noces,1977.0,CH,fr,Comedy,7.3,21.0,5
tt6532374,Swimming with Men,2018.0,GB,en,"Comedy, Drama, Sport",6.4,4288.0,5
tt2729488,Kalte Probe,2013.0,AT,de,,8.4,8.0,4
tt2274732,Born and Bred,2012.0,GR,el,"Documentary, Biography, Family",9.2,15.0,2
tt1617083,Desire Street,2011.0,ES,en,"Comedy, Drama",7.8,59.0,6
tt2094877,Les saveurs du Palais,2012.0,FR,fr,"Biography, Comedy",6.4,7006.0,7
tt0041658,A Morgadinha dos Canaviais,1949.0,PT,pt,"Drama, Romance",7.1,23.0,4
tt0273112,België,1909.0,BE,zxx,Documentary,7.4,26.0,3
tt16369736,The French Boys 2,2021.0,FR,fr,Drama,7.1,20.0,5
tt1931470,La guerre est déclarée,2011.0,FR,fr,Drama,7.0,5376.0,8
tt4126248,A tartótiszt,2013.0,HU,hu,Documentary,8.0,17.0,4
tt12147964,Infames,2015.0,ES,es,Comedy,7.8,6.0,4
tt21936740,Roberta,2023.0,LT,lt,Documentary,7.6,30.0,4
tt0374921,On n'est pas des marques de vélo,2003.0,FR,fr,Documentary,8.2,21.0,5
tt0136521,Schwarzfahrt ins Glück,1938.0,DE,de,,7.7,8.0,2
tt1182345,Moon,2009.0,GB,en,"Drama, Mystery, Sci-Fi",7.8,382347.0,8
tt10563186,Ritorno all'Eden perduto,2020.0,CH,it,"Documentary, Biography, Family, History",9.4,5.0,5
tt7732868,A Dunánál,1988.0,HU,hu,Documentary,7.2,10.0,3
tt0387612,"Stessa rabbia, stessa primavera",2003.0,IT,it,"Documentary, History",8.2,15.0,2
tt0211698,Tutte le provocazioni di Moana,1990.0,IT,it,Adult,7.0,21.0,4
tt15135476,Hugo in Argentina,2021.0,CH,fr,Documentary,7.1,26.0,4
tt4659750,O Medo à Espreita,2015.0,PT,pt,Documentary,7.8,14.0,4
tt0030487,Ein Mädchen geht an Land,1938.0,DE,de,Drama,7.5,19.0,4
tt5323442,All You Need Is Me,2016.0,NL,nl,Documentary,7.5,14.0,3
tt2662120,"Công Binh, la longue nuit indochinoise",2013.0,FR,fr,Documentary,7.9,20.0,3
tt4137022,"Tak daleko, tak blízko",2014.0,SK,sk,"Documentary, Family",8.4,17.0,4
tt3265488,Seguo il salto del cocumat e vado verso occidente,2019.0,IT,it,Comedy,7.0,6.0,3
tt0393568,Ottavio Mario Mai,2002.0,IT,it,Documentary,7.6,11.0,4
tt0075667,Alzire oder der neue Kontinent,1978.0,CH,de,Drama,7.4,14.0,2
tt2890646,Ladies' Turn,2012.0,FR,fr,"Documentary, Action, Sport",7.8,8.0,3
tt8323120,La vérité,2019.0,FR,fr,"Comedy, Drama",6.5,8202.0,7
tt10901144,Fourtouna Sto Ano Peukochori,2014.0,GR,el,"Comedy, Thriller",8.6,12.0,3
tt0063418,El paseíllo,1968.0,ES,es,,7.1,9.0,3
tt0374038,Mein kleines Kind,2002.0,DE,de,Documentary,7.8,16.0,4
tt0065453,La bataille des dix millions,1971.0,FR,fr,Documentary,7.8,35.0,7
tt0061460,Cerul începe la etajul III,1967.0,RO,ro,Drama,8.1,18.0,3
tt8649186,Boze Cialo,2019.0,PL,pl,Drama,7.7,22620.0,10
tt0161804,Michel Strogoff,1936.0,FR,fr,Adventure,7.2,29.0,3
tt1479163,Big Font. Large Spacing,2009.0,GB,en,"Comedy, Music",7.8,46.0,6
tt0130494,Barluschke,1997.0,DE,de,Documentary,7.2,7.0,4
tt1745787,Plemya,2014.0,UA,ukl,"Crime, Drama",7.0,12242.0,8
tt12498588,El último Arquero,2020.0,ES,es,Documentary,8.3,18.0,4
tt0466044,KlassenLeben,2005.0,DE,de,Documentary,7.7,35.0,6
tt2188917,The Onanist,1986.0,BE,qbn,,9.0,7.0,3
tt0239657,To hrima - Mia mythologia tou Skotous,1998.0,GR,el,"Animation, Drama, History",7.0,48.0,6
tt0985019,Wege Gottes,2006.0,DE,uk,Documentary,7.1,11.0,3
tt0368082,"No pasarán, album souvenir",2003.0,FR,fr,Documentary,7.7,53.0,7
tt7410124,Atelier de conversation,2017.0,FR,fr,Documentary,7.6,33.0,6
tt5699154,Le sens de la fête,2017.0,BE,fr,"Comedy, Drama, Romance",6.9,12448.0,7
tt0020314,Red Aces,1930.0,GB,zxx,Crime,7.4,10.0,3
tt2201125,"Mennonites, alone in paradise",2011.0,ES,es,Documentary,8.6,6.0,2
tt4527424,Demascarea,2011.0,DE,ro,Documentary,8.5,13.0,5
tt9178008,Aligned,2023.0,GR,el,Drama,7.6,22.0,4
tt0148121,Oi tembelides tis eforis koiladas,1978.0,GR,el,"Comedy, Drama, Romance",7.2,892.0,6
tt0029525,Das schöne Fräulein Schragg,1937.0,DE,de,,7.3,20.0,4
tt0120439,Verrückt bleiben - verliebt bleiben,1997.0,DE,de,"Documentary, Biography",8.4,17.0,4
tt2707252,Life in Paradise - Illegale in der Nachbarschaft,2013.0,CH,gsw,"Documentary, Family, History, News",8.7,8.0,5
tt2359415,Antonio Vega. Tu voz entre otras mil,2014.0,ES,es,"Documentary, Biography, History",7.7,97.0,7
tt0080373,Les années lumière,1981.0,CH,en,Drama,7.3,581.0,6
tt1787926,Tist' dan v tednu,2010.0,SI,sl,Documentary,8.7,25.0,5
tt9588298,The Trial of Ratko Mladic,2018.0,GB,bs,"Documentary, History",7.1,312.0,6
tt11470738,The Female Voice of Iran,2020.0,DE,fa,"Documentary, Music",7.9,14.0,3
tt0460783,Eiszeit,2004.0,DE,de,Drama,7.2,8.0,3
tt0434991,Hannah Wolfe,2004.0,DK,da,Crime,8.1,24.0,5
tt0772115,Exit,2005.0,CH,fr,Documentary,7.6,47.0,9
tt0109862,Förräderi,1994.0,SE,de,Documentary,7.7,26.0,6
tt14653022,UFO: Oni juz tu sa,2022.0,PL,pl,Documentary,8.9,17.0,3
tt1266723,"Victoire Terminus, Kinshasa",2008.0,FR,ln,Documentary,7.3,14.0,3
tt25969676,Taming Speed,2022.0,SE,no,"Documentary, Sport",8.2,10.0,3
tt0084817,"Transes, Reiter auf dem toten Pferd",1982.0,CH,de,,7.1,21.0,5
tt0808915,A Snake's Tail,2006.0,GB,fa,Drama,7.9,42.0,6
tt3838966,Anamesa se dyo nisia,2014.0,GR,el,Documentary,9.0,18.0,3
tt12605974,Carrousel,2019.0,NL,nl,Documentary,7.2,14.0,4
tt5145366,Die Körper der Astronauten,2017.0,DE,de,"Drama, Sci-Fi",7.0,29.0,7
tt0194783,Csardas,1935.0,AT,de,Comedy,7.0,11.0,2
tt0018087,Die Liebe der Jeanne Ney,1927.0,DE,zxx,"Drama, Romance",7.2,899.0,6
tt0160830,Le sergent X,1932.0,FR,fr,Drama,8.2,8.0,4
tt5665332,Querida Gina,2015.0,ES,es,"Documentary, Adventure, Comedy, Drama",7.8,5.0,3
tt6515182,Peripherie,2016.0,CH,de,Drama,7.6,28.0,3
tt5502008,Fata Morgana,2013.0,AT,de,Drama,8.0,6.0,4
tt1161650,Neînvinsa-i dragostea,1994.0,RO,ro,Drama,7.8,107.0,7
tt7322224,Triangle of Sadness,2022.0,GB,en,"Comedy, Drama",7.3,192986.0,7
tt3655522,Bande de filles,2014.0,FR,fr,Drama,6.9,10239.0,9
tt4873154,Dom,2015.0,SI,sl,Documentary,7.2,28.0,5
tt4576656,Fortune's Wheel,2015.0,IE,en,"Documentary, History",9.0,33.0,6
tt0054288,Sentencia contra una mujer,1960.0,ES,,Western,7.0,16.0,4
tt0289173,East 103rd Street,1981.0,GB,en,Documentary,8.2,9.0,3
tt5943708,The Challenge,2016.0,IT,ar,Documentary,6.1,381.0,8
tt1306969,Dos miradas,2007.0,ES,es,Drama,7.6,24.0,7
tt1567279,Bluebird,2013.0,SE,en,Drama,5.8,999.0,7
tt0032673,Der Kleinstadtpoet,1940.0,DE,de,Comedy,7.3,20.0,4
tt1789707,Bijelo Dugme,2010.0,RS,sr,Documentary,8.1,24.0,5
tt1470935,Zwarte ogen,2008.0,NL,nl,Documentary,8.2,7.0,4
tt3576450,Zivan Makes a Punk Festival,2014.0,RS,sr,"Documentary, Biography, Comedy, Drama, Music",7.4,219.0,6
tt0128142,Le cousin Jules,1972.0,FR,fr,Documentary,7.6,264.0,7
tt2647506,Himself He Cooks,2012.0,BE,,"Documentary, History",7.3,31.0,4
tt15408478,Hetmanski kleinody,1993.0,UA,uk,"Action, Adventure, Drama, History",7.3,19.0,4
tt0885404,Doch,2006.0,DE,de,Documentary,8.2,7.0,4
tt3140716,Querida Gina,2015.0,ES,es,"Documentary, Adventure, Comedy, Drama",7.8,6.0,4
tt5607714,Teströl és lélekröl,2017.0,HU,hu,"Drama, Fantasy, Mystery, Romance",7.5,30443.0,10
tt5948178,Rocco tiene tu nombre,2015.0,ES,es,"Comedy, Drama, Fantasy, Mystery",7.3,16.0,3
tt0039603,Mani,1947.0,DK,da,Drama,7.4,26.0,5
tt2043770,À bas bruit,2011.0,FR,fr,Drama,8.2,8.0,3
tt3454026,The Last Sparks of Sundown,2014.0,GB,en,Comedy,8.0,13.0,4
tt2145778,Le monde doit m'arriver?,2012.0,FR,fr,"Comedy, Drama, Family",8.2,53.0,7
tt10541702,Vitalina Varela,2019.0,PT,qaq,Drama,6.7,2518.0,7
tt0962757,The Christian,1915.0,GB,zxx,Drama,7.8,23.0,3
tt0289142,Daam autos,1992.0,EE,et,Crime,7.0,9.0,4
tt7535764,"Addicted to Altitude, Part II: Cruel Everest",2017.0,SK,sk,Documentary,8.0,8.0,4
tt22171194,La combattante,2022.0,FR,fr,Documentary,7.8,19.0,3
tt0083692,Brel,1982.0,FR,fr,"Documentary, Music",7.6,27.0,5
tt1399019,Gangster Girls,2008.0,AT,de,Documentary,7.2,27.0,5
tt0207204,Wiener Brut,1985.0,AT,de,,7.2,13.0,4
tt0069829,Buleczka,1973.0,PL,pl,Family,7.0,33.0,4
tt27040808,Dicht bij Vermeer,2023.0,NL,nl,Documentary,7.3,473.0,7
tt6862154,"Ego, o allos anthropos",2017.0,GR,el,Documentary,8.4,12.0,4
tt0397580,"Nuba, cisti ljudje",2000.0,SI,sl,Documentary,7.6,20.0,5
tt6931292,Der Papst ist kein Jeansboy,2011.0,DE,de,Documentary,7.2,14.0,6
tt5492626,Saveart: Recycling Art,2015.0,IT,it,Documentary,7.7,19.0,4
tt10584914,Brothers in Arms,2019.0,UA,uk,Documentary,8.0,10.0,2
tt31985964,Gyerekkori mesék,2024.0,HU,hu,"Drama, Family",7.3,20.0,6
tt0261097,Ne pleure pas,1978.0,FR,fr,"Drama, Family",7.0,30.0,5
tt1714210,Weekend,2011.0,GB,en,"Drama, Romance",7.6,33436.0,10
tt1692889,Plug & Pray,2010.0,DE,en,"Documentary, Sci-Fi",7.1,157.0,7
tt5821358,Schultersieg,2016.0,DE,de,"Documentary, Family, Sport",8.3,22.0,6
tt12454598,Rutas del más allá: El documental,2020.0,ES,es,"Documentary, Biography, Reality-TV, Thriller",9.8,27.0,5
tt1728640,Kotona kylässä,2012.0,FI,fi,Documentary,7.1,9.0,3
tt2899500,Happy Days: Falling Stars,2006.0,HU,hu,"Documentary, History",8.6,9.0,3
tt22493506,König hört auf,2022.0,DE,de,Documentary,7.4,25.0,4
tt2076220,Holy Motors,2012.0,FR,fr,"Drama, Fantasy",7.0,49744.0,11
tt0488087,Björgunarafrekið við Látrabjarg,1949.0,IS,,Documentary,7.2,6.0,3
tt0137286,Álmodik az állatkert,1985.0,HU,hu,"Comedy, Documentary",8.8,7.0,4
tt27427722,Forglemmegei,2023.0,NO,no,Documentary,8.6,5.0,4
tt0294946,Struma,2001.0,RO,en,Documentary,7.1,10.0,4
tt0103772,Basic Instinct,1992.0,FR,en,"Drama, Mystery, Thriller",7.1,225762.0,6
tt1676103,Die Stille der Unschuld - Der Künstler Gottfried Helnwein,2010.0,DE,de,Documentary,8.1,11.0,4
tt0217440,Equilibrium - Det er meg du skal elske,1965.0,NO,no,Drama,7.4,10.0,5
tt21482414,The Trap,2023.0,BG,bg,Drama,7.6,20.0,4
tt0258655,L'homme atlantique,1981.0,FR,fr,Drama,7.6,174.0,6
tt1757660,Al final de la escapada,2010.0,ES,es,Documentary,7.5,17.0,6
tt6257768,Lady Macbeth,2016.0,GB,en,"Drama, Romance",6.8,27911.0,3
tt9110490,Lost Reactor,2018.0,DE,ru,Documentary,7.0,5.0,4
tt7490368,Le Cahier Noir,2018.0,PT,fr,"Drama, History, Romance",5.3,276.0,7
tt4143306,Democrats,2014.0,DK,sn,Documentary,7.4,384.0,6
tt0310272,Un petit trou pas cher,1934.0,FR,fr,Comedy,7.6,8.0,2
tt1071942,Menneskenes land - min film om Grønland,2006.0,DK,da,Documentary,7.6,6.0,2
tt3770272,Do Re Mi Fa,2016.0,MT,en,Drama,8.1,105.0,6
tt0088174,De Stille Oceaan,1984.0,BE,nl,Drama,7.4,21.0,3
tt7389858,"Comandante Arian, una historia de mujeres, guerra y libertad",2018.0,ES,es,Documentary,7.5,93.0,8
tt3646344,Vergine giurata,2015.0,IT,sq,Drama,6.4,1266.0,7
tt0231673,The Grand Babylon Hotel,1916.0,GB,zxx,"Crime, Drama",7.8,9.0,2
tt3833234,Boys with Broken Ears,2013.0,HU,fa,"Documentary, Drama, Sport",9.4,9.0,3
tt6439574,Make Room in Hell,2019.0,GB,,"Crime, Thriller",7.4,11.0,3
tt27204951,My Dead Body,2022.0,GB,,Documentary,8.6,8.0,2
tt2150315,Katinoula,2012.0,GR,el,"Documentary, Biography",8.4,12.0,4
tt5072724,En attendant Violette,2017.0,FR,fr,"Comedy, Drama, Mystery, Romance",8.8,12.0,3
tt2660292,Drive in Holy Motors,2013.0,FR,fr,Documentary,7.2,44.0,9
tt1541858,Last Supper for Malthus,2009.0,CH,fr,Documentary,8.4,22.0,6
tt0222143,Leven en dood op het land,1963.0,BE,nl,Drama,7.2,6.0,4
tt21301698,Het nieuwe Soestdijk,2022.0,NL,nl,Documentary,7.2,12.0,3
tt0106696,Les demoiselles ont eu 25 ans,1993.0,FR,fr,"Documentary, Music",7.0,556.0,7
tt9149970,Land Without God,2019.0,IE,en,Documentary,7.8,26.0,6
tt1986845,Fragments d'une révolution,2011.0,FR,fa,Documentary,7.0,11.0,2
tt6193424,The Trip to Spain,2017.0,GB,en,"Adventure, Comedy, Drama",6.6,6509.0,3
tt1499662,Il colore delle parole,2009.0,IT,it,Documentary,8.9,21.0,5
tt5119048,Eine unerhörte Frau,2016.0,DE,de,"Biography, Drama",7.4,351.0,7
tt16240432,Ana Rosa,2022.0,FR,es,"Documentary, History",7.7,19.0,4
tt1728142,La terra habitada,2009.0,ES,ca,Documentary,7.2,7.0,4
tt3449560,Vanessa,2015.0,AT,de,"Biography, Comedy, Crime, Drama, Thriller",8.0,16.0,4
tt0460390,200 Km.,2003.0,ES,es,Documentary,7.9,14.0,4
tt3482500,Iceland Year Zero,2012.0,FR,is,Documentary,7.5,8.0,5
tt0259701,Une journée d'Andrei Arsenevitch,1987.0,FR,fr,Documentary,7.8,626.0,7
tt3969688,La supplication,2016.0,AT,fr,"Documentary, Drama, History",7.3,110.0,6
tt0791101,Anna,1975.0,IT,it,Documentary,7.3,146.0,6
tt9569480,Caveman,2021.0,IT,it,Documentary,8.0,23.0,5
tt2846608,Suur-Sõjamäe,2013.0,EE,ru,"Documentary, Comedy, Drama, History",7.2,13.0,3
tt7395418,Visages villages,2017.0,FR,fr,"Documentary, Adventure",7.8,13800.0,10
tt13879246,The System,2020.0,LT,lt,Comedy,7.2,14.0,3
tt7225942,Caniba,2017.0,FR,ja,Documentary,5.6,633.0,7
tt0177532,Bauernkrieg,1998.0,CH,gsw,Documentary,7.3,10.0,4
tt0955314,Panorama,2007.0,FR,fr,Drama,7.0,9.0,3
tt3583518,One Minute for Conductors,2013.0,ES,ja,"Documentary, Music",7.8,14.0,3
tt1139317,Et... Dieu créa les hommes,1978.0,FR,fr,Adult,7.4,19.0,3
tt1647471,Cemetery State,2010.0,BE,nl,Documentary,7.0,10.0,4
tt8110090,Skjold & Isabel,2018.0,DK,da,Documentary,7.2,142.0,6
tt27164508,Toda una vida,2023.0,ES,es,Documentary,7.8,13.0,4
tt7506236,Przygody Myszki,1985.0,PL,zxx,"Animation, Adventure, Family",7.0,10.0,5
tt4003400,Das Mädchen - Was geschah mit Elisabeth K.?,2014.0,DE,de,Documentary,7.7,26.0,6
tt2524856,My Name Is Ernest,2014.0,IT,it,Biography,8.3,12.0,5
tt30048133,Women Don't Cycle,2022.0,BE,fr,Documentary,9.2,20.0,3
tt0488044,Les Européens,2006.0,FR,it,"Comedy, Drama",8.6,59.0,7
tt1295057,Embrión,2008.0,ES,es,Drama,7.3,44.0,6
tt0124223,L'île de Pâques,1935.0,FR,nl,Documentary,7.0,8.0,3
tt26270853,Sefa: Road to Defqon.1,2022.0,NL,nl,Documentary,9.4,10.0,2
tt8945264,Ultimul Caldarar,2016.0,RO,ro,Documentary,7.9,10.0,2
tt0304123,"Hainburg - Je t'aime, gendarme",2001.0,AT,de,"Drama, Romance",7.1,25.0,5
tt6384766,Vida y muerte de un arquitecto,2017.0,ES,es,Documentary,7.1,18.0,6
tt14215900,Natt,2022.0,NO,no,Drama,7.0,27.0,5
tt1881005,Maria XXX,2011.0,DE,,Musical,7.0,8.0,2
tt4379708,Roma Termini,2014.0,IT,it,Documentary,8.1,16.0,5
tt10011240,Cinematti - Una storia folle,2020.0,IT,it,Documentary,8.9,14.0,3
tt0107259,Jeanne la Pucelle I - Les batailles,1994.0,FR,la,"Biography, Drama, History, War",7.2,880.0,7
tt0024949,La canzone del sole,1934.0,IT,it,Musical,7.8,15.0,3
tt0076916,White Rock,1977.0,GB,en,"Documentary, Sport",7.1,169.0,6
tt10064354,Inland,2019.0,AT,de,Documentary,7.8,24.0,5
tt13063478,Prizori iz zivota dzukca,2021.0,RS,sr,"Documentary, Animation",8.3,20.0,5
tt0104985,Nessuno,1992.0,IT,it,Drama,7.8,19.0,4
tt2727080,I Zoi Entaftha,2015.0,GR,el,"Comedy, Drama",8.3,82.0,6
tt2134092,Le voyage extraordinaire,2011.0,FR,fr,Documentary,7.4,500.0,7
tt15505510,Bringing Assad to Justice,2021.0,IE,en,Documentary,7.9,9.0,3
tt0172237,Prima dragoste,1932.0,RO,ro,Comedy,7.2,12.0,3
tt15614406,Escribir lo imposible,2021.0,ES,es,"Documentary, Biography",8.8,5.0,4
tt2023680,Sense of Architecture,2009.0,DE,de,Documentary,7.5,9.0,3
tt6021272,O Tardo,2016.0,PT,pt,"Documentary, Drama, History",8.8,16.0,4
tt0770173,Christian,2007.0,FR,fr,Drama,8.2,21.0,5
tt2559548,The Valley of the Jato,2013.0,GB,it,"Documentary, Biography",8.2,12.0,3
tt0069036,Nyulak a ruhatárban,1972.0,HU,hu,Comedy,7.7,29.0,4
tt4945424,"Frosch, Schenkel und Prinzen",2017.0,AT,de,Drama,8.2,6.0,3
tt15520280,A Jewish Life,2021.0,AT,de,"Documentary, Biography",8.0,6.0,6
tt0194863,La famille Hernandez,1965.0,FR,fr,Drama,7.1,10.0,4
tt0258433,Au coeur de l'Amérique du Sud,1924.0,BE,zxx,Documentary,7.1,7.0,3
tt4357462,Sitzfleisch,2014.0,AT,de,"Documentary, Comedy, Drama, Family",7.4,13.0,3
tt0159576,Monsieur Suzuki,1960.0,FR,fr,Drama,7.4,14.0,3
tt2154637,Berg Fidel,2011.0,DE,de,Documentary,7.6,70.0,6
tt0099970,Land in Sicht,1990.0,DE,de,"Drama, Romance",8.1,11.0,4
tt0114944,Die Wildnis,1993.0,AT,de,Crime,7.6,21.0,3
tt6002580,Angélica [una tragedia],2016.0,ES,es,Documentary,7.1,8.0,3
tt0414842,Auswege,2003.0,AT,de,Drama,7.0,26.0,4
tt0340779,Intimitäten,1948.0,DE,de,Comedy,8.1,12.0,3
